-- phpMyAdmin SQL Dump
-- version 5.2.1
-- https://www.phpmyadmin.net/
--
-- Servidor: 127.0.0.1
-- Tiempo de generación: 10-11-2024 a las 04:09:57
-- Versión del servidor: 11.4.2-MariaDB
-- Versión de PHP: 8.2.12

SET SQL_MODE = "NO_AUTO_VALUE_ON_ZERO";
START TRANSACTION;
SET time_zone = "+00:00";


/*!40101 SET @OLD_CHARACTER_SET_CLIENT=@@CHARACTER_SET_CLIENT */;
/*!40101 SET @OLD_CHARACTER_SET_RESULTS=@@CHARACTER_SET_RESULTS */;
/*!40101 SET @OLD_COLLATION_CONNECTION=@@COLLATION_CONNECTION */;
/*!40101 SET NAMES utf8mb4 */;

--
-- Base de datos: `am_tp`
--
CREATE DATABASE IF NOT EXISTS `am_tp` DEFAULT CHARACTER SET utf8mb4 COLLATE utf8mb4_general_ci;
USE `am_tp`;

-- --------------------------------------------------------

--
-- Estructura de tabla para la tabla `alergia`
--

DROP TABLE IF EXISTS `alergia`;
CREATE TABLE `alergia` (
  `id_alergia` int(11) NOT NULL,
  `nombre_alergia` varchar(100) NOT NULL,
  `importancia` enum('leve','normal','alta') DEFAULT NULL,
  `fecha_desde` date NOT NULL,
  `fecha_hasta` date DEFAULT NULL,
  `numero_turno` int(11) DEFAULT NULL
) ENGINE=InnoDB DEFAULT CHARSET=utf8mb4 COLLATE=utf8mb4_unicode_ci;

--
-- Volcado de datos para la tabla `alergia`
--

INSERT INTO `alergia` (`id_alergia`, `nombre_alergia`, `importancia`, `fecha_desde`, `fecha_hasta`, `numero_turno`) VALUES
(1, 'Gluten', 'normal', '2021-07-20', '2024-07-20', 32),
(2, 'Polen', 'alta', '2022-04-10', '2024-11-06', 37),
(3, 'Lactosa', 'normal', '2020-03-01', '2024-11-06', 41),
(4, 'Frutos secos', 'alta', '2018-07-15', '2024-11-07', 45),
(5, 'Pez', 'normal', '2021-06-20', '2024-11-08', 49),
(6, 'Penicilina', 'normal', '2024-11-01', NULL, 140),
(7, 'Ácaros', 'leve', '2024-11-02', NULL, 141),
(8, 'Polen', 'normal', '2024-11-03', NULL, 142),
(9, 'Aspirina', 'alta', '2024-11-03', '2024-11-06', 143),
(10, 'Almendras', 'leve', '2024-11-04', NULL, 144),
(11, 'Lactosa', 'normal', '2024-11-04', '2024-11-08', 145),
(12, 'Sulfamidas', 'alta', '2024-11-04', NULL, 146),
(13, 'Gluten', 'normal', '2024-11-05', NULL, 147),
(14, 'Mariscos', 'leve', '2024-11-05', '2024-11-07', 148),
(15, 'Ciertos antibióticos', 'alta', '2024-11-05', NULL, 149),
(16, 'Alergia a analgésicos (Ibuprofeno)', 'normal', '2022-01-15', NULL, 336),
(17, 'Alergia a antidepresivos (Fluoxetina)', 'alta', '2022-05-10', '2023-12-31', 337),
(18, 'Alergia a fenitoína', 'alta', '2021-03-05', NULL, 338),
(19, 'Alergia a triptanes', 'alta', '2023-06-10', NULL, 339),
(20, 'Alergia a penicilina', 'alta', '2021-07-20', '2024-11-08', 340),
(21, 'Alergia a ácaros', 'alta', '2020-10-01', NULL, 341),
(22, 'Alergia a amoxicilina', 'alta', '2022-12-01', NULL, 342),
(23, 'Alergia al látex', 'normal', '2021-05-12', NULL, 343),
(24, 'Alergia a sulfonamidas', 'alta', '2022-01-10', NULL, 344),
(25, 'Alergia a productos lácteos', 'normal', '2022-11-05', NULL, 345),
(26, 'Alergia a analgésicos', 'alta', '2021-06-20', NULL, 400),
(27, 'Alergia al látex', 'leve', '2022-05-10', '2024-11-01', 401),
(28, 'Alergia a antibióticos tipo penicilina', 'alta', '2023-01-15', NULL, 402),
(29, 'Alergia al ibuprofeno', 'normal', '2021-08-22', '2024-11-02', 403),
(30, 'Alergia a corticoides', 'alta', '2020-03-05', NULL, 404),
(31, 'Alergia al polvo', 'normal', '2023-07-14', '2024-11-03', 405),
(32, 'Alergia a medicamentos anticonceptivos', 'leve', '2022-12-01', NULL, 406),
(33, 'Alergia al paracetamol', 'alta', '2020-02-20', '2024-11-04', 407),
(34, 'Alergia a antibióticos tipo macrólidos', 'normal', '2022-04-11', '2024-11-05', 408),
(35, 'Alergia al látex y algunos productos de higiene', 'leve', '2023-02-13', '2024-11-06', 409);

-- --------------------------------------------------------

--
-- Estructura de tabla para la tabla `antecedente`
--

DROP TABLE IF EXISTS `antecedente`;
CREATE TABLE `antecedente` (
  `id_antecedente` int(11) NOT NULL,
  `descripcion_antecedente` varchar(300) NOT NULL,
  `fecha_desde` date NOT NULL,
  `fecha_hasta` date DEFAULT NULL,
  `numero_turno` int(11) DEFAULT NULL
) ENGINE=InnoDB DEFAULT CHARSET=utf8mb4 COLLATE=utf8mb4_unicode_ci;

--
-- Volcado de datos para la tabla `antecedente`
--

INSERT INTO `antecedente` (`id_antecedente`, `descripcion_antecedente`, `fecha_desde`, `fecha_hasta`, `numero_turno`) VALUES
(1, 'Infarto de miocardio en 2010', '2010-05-10', '2024-01-05', 1),
(2, 'Hipertensión arterial desde 2015', '2015-08-01', '2024-11-08', 2),
(3, 'Cirugía de rodilla derecha en 2018', '2018-07-15', '2024-11-06', 4),
(4, 'Alergia al polen desde la infancia', '1990-01-01', '2024-11-06', 5),
(5, 'Asma bronquial desde 2012', '2012-03-10', '2024-11-08', 6),
(6, 'Hipotiroidismo desde 2013', '2013-02-28', '2024-11-07', 7),
(7, 'Cáncer de piel tratado en 2019', '2019-04-22', '2024-11-08', 8),
(8, 'Colitis ulcerosa desde 2017', '2017-05-10', '2024-11-07', 9),
(9, 'Fractura de muñeca en 2019', '2019-11-10', '2024-01-01', 10),
(10, 'Neumonía recurrente desde 2015', '2015-06-15', '2024-11-07', 12),
(11, 'Antecedentes familiares de diabetes tipo 2', '1985-01-01', '2024-11-08', 13),
(12, 'Epilepsia desde 2010', '2010-01-20', '2024-11-06', 14),
(13, 'Cataratas operadas en 2017', '2017-03-25', '2024-11-08', 15),
(14, 'Hernia discal operada en 2020', '2020-05-17', '2024-11-06', 16),
(15, 'Alergia a mariscos desde 2008', '2008-08-01', '2024-11-07', 17),
(16, 'Diabetes tipo 2 diagnosticada en 2015', '2015-03-10', '2024-11-06', 18),
(17, 'Hipertensión controlada desde 2010', '2010-02-15', '2024-11-08', 19),
(18, 'Accidente cerebrovascular en 2016', '2016-09-01', '2024-11-07', 20),
(19, 'Artritis reumatoidea desde 2012', '2012-01-10', '2024-11-07', 21),
(20, 'Cirugía de apendicitis en 2018', '2018-04-12', '2024-11-06', 22),
(21, 'Asma alérgica desde 2014', '2014-08-20', '2024-11-08', 23),
(22, 'Cirugía de bypass gástrico en 2015', '2015-11-05', '2024-11-07', 24),
(23, 'Alergia al látex desde 2016', '2016-06-01', '2024-11-06', 25),
(24, 'Síndrome metabólico desde 2017', '2017-02-10', '2024-11-08', 26),
(25, 'Infección urinaria recurrente desde 2019', '2019-10-01', '2024-11-07', 27),
(26, 'Historial de migrañas crónicas desde 2012', '2012-04-15', '2024-11-06', 28),
(27, 'Fractura de fémur en 2016', '2016-08-20', '2024-11-06', 29),
(28, 'Operado de apendicitis en 2020', '2020-02-25', '2024-11-07', 30),
(29, 'Cáncer de mama tratado en 2018', '2018-11-15', '2024-11-08', 31),
(30, 'Trastorno de ansiedad desde 2015', '2015-06-25', '2024-11-07', 32),
(31, 'Trastorno de ansiedad desde 2015', '2015-06-25', '2024-11-07', 140),
(32, 'Historial de dermatitis atópica desde la infancia', '2005-08-10', NULL, 141),
(33, 'Asma bronquial desde los 10 años', '2010-03-15', NULL, 142),
(34, 'Antecedentes de cáncer de piel en familiares directos', '2020-05-01', NULL, 143),
(35, 'Hipertensión arterial controlada con medicación', '2018-09-05', NULL, 144),
(36, 'Diabetes tipo 2 diagnosticada en 2017', '2017-04-22', NULL, 145),
(37, 'Historial de reacciones alérgicas a ciertos antibióticos', '2015-12-01', NULL, 146),
(38, 'Cirugía de melanoma en 2019', '2019-07-18', NULL, 147),
(39, 'Cicatrices quirúrgicas de cirugía estética facial', '2022-03-10', NULL, 148),
(40, 'Reacción alérgica grave a la penicilina', '2019-11-14', NULL, 149),
(41, 'Historial de hipotiroidismo desde 2016', '2016-05-20', NULL, 150),
(42, 'Alergia a productos cosméticos y perfumes', '2018-07-15', NULL, 151),
(43, 'Fumar 10 cigarrillos al día desde hace 5 años', '2019-03-01', NULL, 152),
(44, 'Reacción alérgica a mariscos en 2020', '2020-06-11', NULL, 153),
(45, 'Migrañas recurrentes desde hace 7 años', '2017-11-02', NULL, 154),
(46, 'Antecedentes de cáncer de mama en familiares', '2020-09-12', NULL, 155),
(47, 'Tratamiento con quimioterapia para linfoma', '2022-01-05', NULL, 156),
(48, 'Enfermedad pulmonar obstructiva crónica (EPOC)', '2021-03-15', NULL, 157),
(49, 'Reacciones adversas a la sulfonamida en 2018', '2018-08-23', NULL, 158),
(50, 'Hipotensión ortostática desde 2022', '2022-02-18', NULL, 159),
(51, 'Cicatrices de cirugía de carcinoma basocelular', '2021-11-30', NULL, 160),
(52, 'Cirugía por cálculos renales en 2020', '2020-04-25', NULL, 161),
(53, 'Alergia a productos lácteos desde 2015', '2015-06-01', NULL, 162),
(54, 'Tratamiento de quimioterapia por leucemia', '2022-08-10', NULL, 163),
(55, 'Alergia severa a la soja', '2019-10-14', NULL, 164),
(56, 'Antecedentes de psoriasis en la familia', '2018-01-22', NULL, 165),
(57, 'Artritis reumatoide diagnosticada en 2019', '2019-05-12', NULL, 166),
(58, 'Cirugía de apendicitis en 2016', '2016-09-03', NULL, 167),
(59, 'Alergia a medicamentos antiinflamatorios no esteroides (AINEs)', '2017-02-10', NULL, 168),
(60, 'Embarazo de alto riesgo debido a antecedentes de hipertensión', '2023-07-01', NULL, 169),
(61, 'Cáncer de piel tratado con cirugía en 2021', '2021-04-15', NULL, 170),
(62, 'Cirugía reconstructiva en 2019 por quemaduras de tercer grado', '2019-11-05', NULL, 171),
(63, 'Reacción alérgica al polvo', '2021-06-30', NULL, 172),
(64, 'Tratamiento para linfoma de Hodgkin en 2020', '2020-02-14', NULL, 173),
(65, 'Rinitis alérgica desde la infancia', '2009-05-10', NULL, 174),
(66, 'Antecedentes de acné severo tratado con isotretinoína', '2018-01-18', NULL, 175),
(67, 'Alergia a las picaduras de insectos', '2017-12-01', NULL, 176),
(68, 'Antecedentes de infarto agudo de miocardio en 2015', '2015-09-05', NULL, 177),
(69, 'Cáncer de colon en familiares', '2021-03-25', NULL, 178),
(70, 'Cirugía de rodilla por meniscopatía en 2022', '2022-04-18', NULL, 179),
(71, 'Historia de úlceras gástricas desde 2014', '2014-11-23', NULL, 180),
(72, 'Paciente con migrañas recurrentes desde la adolescencia, episodios cada mes', '2010-03-01', NULL, 336),
(73, 'Historia de trastornos de ansiedad generalizada desde los 25 años, con episodios intensos', '2015-06-25', NULL, 337),
(74, 'Diagnóstico de epilepsia generalizada desde los 15 años, crisis controladas con medicación', '2010-11-10', NULL, 338),
(75, 'Historia de migrañas con aura, ataques frecuentes acompañados de fotofobia y náuseas', '2012-05-05', NULL, 339),
(76, 'Niño con episodios febril recurrentes, sin diagnóstico claro de causa', '2018-03-10', NULL, 340),
(77, 'Asma bronquial desde la infancia, episodios de dificultad respiratoria controlados con inhaladores', '2016-06-25', NULL, 341),
(78, 'Infecciones recurrentes de oído medio desde los 3 años, frecuentemente tratadas con antibióticos', '2017-12-10', NULL, 342),
(79, 'Dermatitis atópica desde los 6 meses, tratada con cremas hidratantes y emolientes', '2018-07-01', NULL, 343),
(80, 'Infecciones urinarias recurrentes desde los 5 años, requerimiento de antibióticos frecuentes', '2019-02-10', '2024-05-01', 344),
(81, 'Bajo ritmo de crecimiento detectado desde los 5 años, evaluado por endocrinología', '2017-04-15', NULL, 345),
(82, 'Problema de enuresis nocturna persistente, sin éxito con tratamientos previos', '2020-01-01', NULL, 346),
(83, 'Infecciones repetidas de laringe desde los 2 años, tratados con corticosteroides', '2019-09-15', NULL, 347),
(84, 'Cefaleas crónicas recurrentes, diagnóstico sin confirmar de migraña', '2011-11-25', NULL, 348),
(85, 'Trastornos de ansiedad con episodios de pánico frecuentes, medicación ansiolítica en uso', '2014-08-01', NULL, 349),
(86, 'Crisis epilépticas parciales controladas, medicación antiepiléptica ajustada', '2016-03-15', NULL, 350),
(87, 'Migrañas con aura y dificultad visual, tratamiento preventivo con medicamentos', '2013-07-20', NULL, 351),
(88, 'Fiebre recurrente sin diagnóstico claro, episodios febriles durante todo el año', '2021-01-01', NULL, 352),
(89, 'Asma bronquial controlada, crisis ocasionadas por alergias estacionales', '2015-11-11', NULL, 353),
(90, 'Infecciones frecuentes del oído medio, tratadas con antibióticos cada seis meses', '2017-03-10', NULL, 354),
(91, 'Dermatitis atópica, controlada con emolientes y evitando irritantes', '2016-09-15', NULL, 355),
(92, 'Infecciones urinarias recurrentes, bajo tratamiento antibiótico preventivo', '2017-06-01', NULL, 356),
(93, 'Retraso en el crecimiento debido a deficiencia hormonal, en evaluación endocrinológica', '2019-05-01', NULL, 357),
(94, 'Enuresis nocturna tratada con alarmas y control en casa', '2018-02-20', NULL, 358),
(95, 'Laringitis recurrente en la infancia, tratada con corticosteroides', '2019-08-25', NULL, 359),
(96, 'Cefaleas recurrentes, tratamiento con analgésicos y seguimiento neurológico', '2010-02-20', NULL, 360),
(97, 'Ansiedad crónica con ataques de pánico, medicación ansiolítica en curso', '2014-05-01', NULL, 361),
(98, 'Epilepsia focal con crisis controladas, ajustes periódicos en medicación', '2015-09-12', NULL, 362),
(99, 'Migraña con aura severa, tratamiento preventivo con medicamentos antimigrañosos', '2012-03-18', NULL, 363),
(100, 'Fiebre persistente sin diagnóstico, episodios febriles no explicados', '2021-06-10', NULL, 364),
(101, 'Asma bronquial con crisis asmáticas severas, uso de broncodilatadores', '2017-07-01', NULL, 365),
(102, 'Otitis media crónica, tratada con antibióticos y seguimiento', '2018-01-15', NULL, 366),
(103, 'Dermatitis atópica persistente, controlada con cremas para evitar brotes', '2019-02-12', NULL, 367),
(104, 'Infecciones urinarias recurrentes tratadas con antibióticos, sin recaídas recientes', '2017-11-01', NULL, 368),
(105, 'Estatura baja diagnosticada, evaluaciones endocrinológicas periódicas', '2020-03-20', NULL, 369),
(106, 'Enuresis nocturna controlada mediante terapia conductual', '2020-06-05', NULL, 370),
(107, 'Laringitis aguda recurrente en la infancia, tratada con corticosteroides', '2019-04-14', NULL, 371),
(108, 'Cefaleas tensionales recurrentes desde la adolescencia', '2011-01-02', NULL, 372),
(109, 'Trastorno de ansiedad generalizada desde los 22 años, tratamiento con ansiolíticos', '2014-10-18', NULL, 373),
(110, 'Crisis epilépticas focales controladas, ajuste de medicación necesario', '2016-05-30', NULL, 374),
(111, 'Migraña con aura acompañada de dolor ocular, tratamiento preventivo a largo plazo', '2011-07-12', NULL, 375),
(112, 'Trastorno de ansiedad desde 2015', '2015-06-25', '2024-11-07', 400),
(113, 'Antecedente de quistes ováricos tratados', '2020-02-15', NULL, 401),
(114, 'Hipertensión controlada desde 2018', '2018-11-03', NULL, 402),
(115, 'Diabetes tipo 2 desde 2017, en tratamiento', '2017-09-19', NULL, 403),
(116, 'Alergia al polen desde 2016, con tratamiento anual', '2016-04-12', NULL, 404),
(117, 'Endometriosis diagnosticada en 2019', '2019-07-08', NULL, 405),
(118, 'Antecedente de embarazo ectópico en 2021', '2021-03-14', NULL, 406),
(119, 'Hiperplasia endometrial diagnosticada en 2020', '2020-08-22', NULL, 407),
(120, 'Mujer con historial de histerectomía parcial en 2022', '2022-11-17', NULL, 408),
(121, 'Alergia a medicamentos antibióticos desde 2018', '2018-01-30', NULL, 409),
(122, 'Cáncer de mama en tratamiento desde 2023', '2023-05-10', NULL, 410),
(123, 'Síndrome de ovario poliquístico desde 2015', '2015-03-15', NULL, 411),
(124, 'Antecedentes familiares de cáncer cervical', '2010-08-05', NULL, 412),
(125, 'Antecedente de aborto espontáneo en 2019', '2019-06-30', NULL, 413),
(126, 'Colesterol elevado diagnosticado en 2020', '2020-04-02', NULL, 414),
(127, 'Infertilidad diagnosticada desde 2017', '2017-06-22', NULL, 415),
(128, 'Cáncer de ovario en remisión desde 2021', '2021-04-18', NULL, 416),
(129, 'Hipotiroidismo desde 2018, en tratamiento', '2018-11-09', NULL, 417),
(130, 'Pérdida de masa ósea diagnosticada en 2020', '2020-09-01', NULL, 418),
(131, 'Problemas menstruales desde la adolescencia', '2005-01-10', NULL, 419),
(132, 'Trastorno depresivo mayor desde 2019', '2019-12-14', NULL, 420),
(133, 'Enfermedad inflamatoria pélvica tratada en 2022', '2022-07-19', NULL, 421),
(134, 'Alergia a látex diagnosticada en 2017', '2017-03-25', NULL, 422),
(135, 'Cirugía de miomectomía en 2021', '2021-10-03', NULL, 423),
(136, 'Mujer con antecedente de trombosis venosa profunda en 2020', '2020-02-11', NULL, 424),
(137, 'Artritis reumatoide diagnosticada en 2019', '2019-06-17', NULL, 425),
(138, 'Mujer con historia de cáncer uterino en familia', '2000-08-15', NULL, 426),
(139, 'Sindrome de Cushing diagnosticado en 2018', '2018-05-21', NULL, 427),
(140, 'Antecedente de anemia ferropénica crónica', '2017-02-07', NULL, 428),
(141, 'Histerectomía total realizada en 2018', '2018-09-12', NULL, 429),
(142, 'Problemas de tiroides (hipertiroidismo) desde 2020', '2020-01-05', NULL, 430),
(143, 'Mujer con antecedente de cáncer de mama en 2018', '2018-04-01', NULL, 431),
(144, 'Diabetes gestacional en 2022', '2022-03-13', NULL, 432),
(145, 'Sindrome de ovarios poliquísticos desde 2014', '2014-07-07', NULL, 433),
(146, 'Endometriosis tratada con cirugía en 2018', '2018-02-14', NULL, 434),
(147, 'Mujer con antecedente de infarto en 2019', '2019-09-02', NULL, 435),
(148, 'Problemas de tiroides diagnosticados en 2016', '2016-05-11', NULL, 436),
(149, 'Alergia a medicamentos para la tiroides', '2017-01-22', NULL, 437),
(150, 'Hipoacusia diagnosticada en 2017', '2017-06-15', NULL, 438),
(151, 'Historial de depresiones recurrentes desde 2015', '2015-02-10', NULL, 439),
(152, 'Alergia a corticoides desde 2020', '2020-03-03', NULL, 440),
(153, 'Antecedentes familiares de cáncer cervical', '2002-11-15', NULL, 441),
(154, 'Mujer con antecedentes de trombofilia diagnosticada en 2021', '2021-07-25', NULL, 442),
(155, 'Hipertensión durante el embarazo 2018', '2018-12-18', NULL, 443);

-- --------------------------------------------------------

--
-- Estructura de tabla para la tabla `diagnostico`
--

DROP TABLE IF EXISTS `diagnostico`;
CREATE TABLE `diagnostico` (
  `id_diagnostico` int(11) NOT NULL,
  `resumen_diagnostico` varchar(500) NOT NULL,
  `estado` enum('Preliminar','Confirmado') NOT NULL DEFAULT 'Preliminar',
  `numero_turno` int(11) NOT NULL
) ENGINE=InnoDB DEFAULT CHARSET=utf8mb4 COLLATE=utf8mb4_unicode_ci;

--
-- Volcado de datos para la tabla `diagnostico`
--

INSERT INTO `diagnostico` (`id_diagnostico`, `resumen_diagnostico`, `estado`, `numero_turno`) VALUES
(1, 'Consulta cardiológica sin anormalidades', 'Confirmado', 1),
(2, 'Hipertensión arterial diagnosticada, controlada con medicación', 'Confirmado', 2),
(3, 'Lesión muscular en el muslo derecho, tratamiento recomendado con fisioterapia', 'Confirmado', 3),
(4, 'Asma bronquial, en crisis leve, requiere medicación de rescate', 'Preliminar', 4),
(5, 'Hipotiroidismo no controlado, ajustar medicación', 'Confirmado', 5),
(6, 'Cáncer de piel tipo basal, seguimiento postoperatorio necesario', 'Confirmado', 6),
(7, 'Colitis ulcerosa activa, iniciar tratamiento con antiinflamatorios', 'Preliminar', 7),
(8, 'Fractura en el radio derecho, inmovilización recomendada', 'Confirmado', 8),
(9, 'Neumonía leve, tratamiento con antibióticos', 'Preliminar', 9),
(10, 'Antecedentes de diabetes, realizar controles más frecuentes', 'Preliminar', 10),
(11, 'Diagnóstico de epilepsia, ajustar medicación antiepiléptica', 'Confirmado', 11),
(12, 'Cataratas en ambos ojos, cirugía recomendada', 'Confirmado', 12),
(13, 'Hernia discal lumbar, tratamiento conservador recomendado', 'Preliminar', 13),
(14, 'Alergia a mariscos, evitar consumo', 'Confirmado', 14),
(15, 'Diabetes tipo 2, control subóptimo, ajuste en tratamiento', 'Preliminar', 15),
(16, 'Hipertensión controlada, mantener tratamiento', 'Confirmado', 16),
(17, 'Accidente cerebrovascular, seguimiento neurológico necesario', 'Preliminar', 17),
(18, 'Artritis reumatoidea en remisión, seguimiento necesario', 'Confirmado', 18),
(19, 'Apendicitis resuelta, revisión postquirúrgica', 'Confirmado', 19),
(20, 'Asma alérgica, medicación preventiva adecuada', 'Preliminar', 20),
(21, 'Cirugía de bypass gástrico exitosa, seguir dieta recomendada', 'Confirmado', 21),
(22, 'Alergia al látex, evitar exposición', 'Preliminar', 22),
(23, 'Síndrome metabólico, recomendar cambios en dieta y ejercicio', 'Confirmado', 23),
(24, 'Infección urinaria recurrente, tratamiento antibiótico necesario', 'Confirmado', 24),
(25, 'Migrañas crónicas, medicación preventiva necesaria', 'Confirmado', 25),
(26, 'Fractura de fémur operada, seguimiento postquirúrgico', 'Confirmado', 26),
(27, 'Apendicitis resuelta sin complicaciones, seguimiento requerido', 'Confirmado', 27),
(28, 'Cáncer de mama, en tratamiento postquirúrgico, seguimiento necesario', 'Preliminar', 28),
(29, 'Trastorno de ansiedad generalizada, iniciar tratamiento psicológico', 'Confirmado', 29),
(30, 'Artritis degenerativa en las rodillas, seguir tratamiento conservador', 'Preliminar', 30),
(31, 'Síndrome de insuficiencia venosa en las piernas, tratamiento con medias de compresión', 'Confirmado', 31),
(32, 'Neumonía leve, continuar tratamiento con antibióticos', 'Confirmado', 32),
(33, 'Esguince en tobillo izquierdo, reposo y aplicación de frío', 'Confirmado', 33),
(34, 'Hipotiroidismo controlado, seguimiento regular', 'Confirmado', 34),
(35, 'Alergia al polvo, seguir tratamiento con antihistamínicos', 'Preliminar', 35),
(36, 'Trastornos digestivos, iniciar tratamiento con medicamentos antiácidos', 'Preliminar', 36),
(37, 'Hernia inguinal operada en 2020, seguimiento adecuado', 'Confirmado', 37),
(38, 'Hiperlipidemia diagnosticada, ajustar dieta y medicación', 'Preliminar', 38),
(39, 'Cáncer de pulmón diagnosticado, iniciar tratamiento oncológico', 'Confirmado', 39),
(40, 'Insuficiencia renal crónica, controlar con diálisis periódicas', 'Preliminar', 40),
(41, 'Alergia a ciertos medicamentos, evitar la penicilina', 'Confirmado', 41),
(42, 'Síndrome de fatiga crónica, tratamiento con terapia física', 'Preliminar', 42),
(43, 'Alergia a los ácaros, seguimiento y control ambiental necesario', 'Preliminar', 43),
(44, 'Diabetes tipo 2, controlada con insulina, ajustes de dosis', 'Preliminar', 44),
(45, 'Hipertensión leve, control con medicación indicada', 'Confirmado', 45),
(46, 'Fractura de clavícula, inmovilización y seguimiento', 'Confirmado', 46),
(47, 'Anemia ferropénica, iniciar tratamiento con suplementos de hierro', 'Preliminar', 47),
(48, 'Colesterol elevado, seguimiento con análisis regulares', 'Confirmado', 48),
(49, 'Cáncer colorrectal diagnosticado, iniciar quimioterapia', 'Preliminar', 49),
(50, 'Síndrome de apnea obstructiva del sueño, iniciar tratamiento con CPAP', 'Preliminar', 50),
(51, 'Fibromialgia, tratamiento con analgésicos y terapia física', 'Confirmado', 51),
(52, 'Dermatitis atópica, tratamiento con cremas hidratantes y antihistamínicos', 'Preliminar', 140),
(53, 'Lesión cutánea sospechosa de melanoma, se solicita biopsia', 'Preliminar', 141),
(54, 'Rinitis alérgica por exposición al polen, tratamiento con antihistamínicos', 'Preliminar', 142),
(55, 'Reacción alérgica grave a la aspirina, suspender medicamento y controlar síntomas', 'Confirmado', 143),
(56, 'Dermatitis de contacto por almendras, evitar contacto y usar crema tópica', 'Preliminar', 144),
(57, 'Intolerancia a la lactosa, recomendaciones dietéticas', 'Preliminar', 145),
(58, 'Alergia a sulfonamidas, evitar uso de este grupo de antibióticos', 'Confirmado', 146),
(59, 'Melanoma en estadio inicial, cirugía para resección', 'Confirmado', 147),
(60, 'Reacción alérgica por cosméticos, tratamiento con corticoides tópicos', 'Preliminar', 148),
(61, 'Alergia a la penicilina, suspendido tratamiento antibiótico', 'Confirmado', 149),
(62, 'Hipotiroidismo, ajuste de dosis de levotiroxina', 'Preliminar', 150),
(63, 'Dermatitis alérgica por fragancias, eliminar productos irritantes', 'Preliminar', 151),
(64, 'Cáncer de piel en estadio I, seguimiento oncológico requerido', 'Confirmado', 152),
(65, 'Reacción alérgica a mariscos, antihistamínicos y corticoides orales', 'Preliminar', 153),
(66, 'Migrañas, recomendación de tratamiento preventivo y manejo de crisis', 'Preliminar', 154),
(67, 'Antecedentes de cáncer de mama, realizar mamografía de control', 'Preliminar', 155),
(68, 'Linfoma, tratamiento con quimioterapia y seguimiento oncológico', 'Confirmado', 156),
(69, 'EPOC, manejo con broncodilatadores y control respiratorio', 'Preliminar', 157),
(70, 'Alergia severa a la sulfonamida, evitar este medicamento en futuros tratamientos', 'Confirmado', 158),
(71, 'Hipotensión ortostática, recomendaciones para evitar caídas', 'Preliminar', 159),
(72, 'Cáncer de piel, tratamiento quirúrgico y seguimiento dermatológico', 'Confirmado', 160),
(73, 'Cálculos renales, tratamiento conservador y seguimiento', 'Preliminar', 161),
(74, 'Alergia a los lácteos, eliminación de productos lácteos de la dieta', 'Preliminar', 162),
(75, 'Linfoma, tratamiento con quimioterapia y seguimiento de remisión', 'Confirmado', 163),
(76, 'Alergia a la soja, evitar su consumo en alimentos', 'Preliminar', 164),
(77, 'Psoriasis, tratamiento tópico y fototerapia', 'Preliminar', 165),
(78, 'Artritis reumatoide, manejo con antiinflamatorios y fármacos modificadores de la enfermedad', 'Preliminar', 166),
(79, 'Apéndicitis, seguimiento postoperatorio de la cirugía', 'Preliminar', 167),
(80, 'Reacción a AINEs, cambiar a analgésicos alternativos', 'Confirmado', 168),
(81, 'Embarazo de alto riesgo, monitoreo frecuente de presión arterial', 'Preliminar', 169),
(82, 'Cáncer de piel, tratamiento quirúrgico post-extracción de lesión', 'Confirmado', 170),
(83, 'Quemaduras de tercer grado, seguimiento quirúrgico y curaciones periódicas', 'Preliminar', 171),
(84, 'Alergia a polvo, evitar exposición y uso de antihistamínicos', 'Preliminar', 172),
(85, 'Linfoma de Hodgkin, tratamiento con quimioterapia y evaluación de respuesta', 'Confirmado', 173),
(86, 'Rinitis alérgica, tratamiento con spray nasal y antihistamínicos', 'Preliminar', 174),
(87, 'Acné severo, tratamiento con isotretinoína y seguimiento dermatológico', 'Preliminar', 175),
(88, 'Alergia a picaduras de insectos, usar epinefrina en caso de emergencia', 'Preliminar', 176),
(89, 'Infarto de miocardio, tratamiento con anticoagulantes y control cardiológico', 'Confirmado', 177),
(90, 'Cáncer de colon, seguimiento post-cirugía y tratamiento con quimioterapia', 'Preliminar', 178),
(91, 'Meniscopatía, tratamiento quirúrgico y rehabilitación de rodilla', 'Preliminar', 179),
(92, 'Úlceras gástricas, tratamiento con inhibidores de bomba de protones', 'Confirmado', 180),
(93, 'Fatiga crónica asociada a tratamiento oncológico', 'Confirmado', 181),
(94, 'Dermatitis alérgica por contacto', 'Confirmado', 182),
(95, 'Posible afectación pulmonar, estudio radiológico requerido', 'Preliminar', 183),
(96, 'Lunares con crecimiento irregular, biopsia recomendada', 'Preliminar', 184),
(97, 'Reacción alérgica cutánea por contacto', 'Preliminar', 185),
(98, 'Fiebre persistente, posible infección viral', 'Confirmado', 186),
(99, 'Manchas en la piel, posible reacción alérgica', 'Preliminar', 187),
(100, 'Dolor estomacal, posible gastritis', 'Confirmado', 188),
(101, 'Sangrado en las encías, posible gingivitis', 'Preliminar', 189),
(102, 'Aparición de manchas cutáneas, diagnóstico a confirmar', 'Preliminar', 190),
(103, 'Fatiga crónica, evaluar causas subyacentes', 'Preliminar', 191),
(104, 'Infección cutánea, tratamiento con antibióticos', 'Preliminar', 192),
(105, 'Lunares con crecimiento irregular, se solicita biopsia', 'Confirmado', 193),
(106, 'Tos persistente, posible infección respiratoria', 'Confirmado', 194),
(107, 'Erupciones cutáneas alérgicas', 'Preliminar', 195),
(108, 'Sudoración excesiva, posible trastorno endocrino', 'Confirmado', 196),
(109, 'Infección cutánea por picaduras de insectos', 'Confirmado', 197),
(110, 'Manchas en la piel acompañadas de dolor', 'Confirmado', 198),
(111, 'Dificultad respiratoria, posible asma', 'Preliminar', 199),
(112, 'Cambios en los lunares, posible melanoma', 'Preliminar', 200),
(113, 'Lunares con cambio de color y forma, posible malignidad', 'Preliminar', 201),
(114, 'Dolor de garganta, posible faringitis viral', 'Preliminar', 202),
(115, 'Lunares con bordes irregulares, evaluación dermatológica requerida', 'Preliminar', 203),
(116, 'Fatiga generalizada y malestar, investigar posibles causas', 'Preliminar', 204),
(117, 'Alergias estacionales, controlar con antihistamínicos', 'Preliminar', 205),
(118, 'Erupción cutánea, diagnóstico preliminar de dermatitis alérgica', 'Preliminar', 206),
(119, 'Dificultad para respirar al realizar ejercicio', 'Preliminar', 207),
(120, 'Piel irritada con ampollas, reacción alérgica', 'Confirmado', 208),
(121, 'Malestar general, fiebre persistente', 'Confirmado', 209),
(122, 'Infección cutánea por picaduras de insectos', 'Preliminar', 210),
(123, 'Lunares sospechosos, evaluación dermatológica requerida', 'Preliminar', 211),
(124, 'Fatiga persistente, posible síndrome de fatiga crónica', 'Confirmado', 212),
(125, 'Manchas cutáneas con picazón, posible dermatitis', 'Confirmado', 213),
(126, 'Pérdida de peso inexplicable, investigar causas subyacentes', 'Confirmado', 214),
(127, 'Lunares con bordes irregulares, evaluación dermatológica necesaria', 'Confirmado', 215),
(128, 'Piel inflamada, posible dermatitis', 'Preliminar', 216),
(129, 'Sudoración excesiva, posible trastorno hormonal', 'Preliminar', 217),
(130, 'Manchas en la piel con dolor, posible dermatitis alérgica', 'Confirmado', 218),
(131, 'Pérdida de apetito y cansancio, posible trastorno endocrino', 'Preliminar', 219),
(132, 'Reacción alérgica cutánea, tratamiento con antihistamínicos', 'Preliminar', 220),
(133, 'Cefalea crónica tipo tensional, requiere seguimiento neurológico', 'Preliminar', 336),
(134, 'Trastorno de ansiedad generalizada, bajo tratamiento ansiolítico, evaluar ajuste de medicación', 'Confirmado', 337),
(135, 'Epilepsia focal, en tratamiento con antiepilépticos, ajuste de dosis necesario', 'Confirmado', 338),
(136, 'Migraña con aura, tratamiento preventivo indicado, evitar factores desencadenantes', 'Confirmado', 339),
(137, 'Síndrome febril de origen viral, realizar estudios para confirmar', 'Preliminar', 340),
(138, 'Asma bronquial infantil controlada, mantener medicación preventiva', 'Confirmado', 341),
(139, 'Otitis media recurrente, iniciar antibióticos de amplio espectro', 'Confirmado', 342),
(140, 'Dermatitis atópica infantil, tratamiento con emolientes y control ambiental', 'Confirmado', 343),
(141, 'Infección urinaria recurrente en niño, iniciar antibióticos', 'Confirmado', 344),
(142, 'Retraso en el crecimiento, derivación a endocrinología para evaluación', 'Preliminar', 345),
(143, 'Enuresis nocturna, seguir tratamiento con alarmas y educación conductual', 'Confirmado', 346),
(144, 'Laringitis infantil, tratamiento con corticosteroides y manejo sintomático', 'Confirmado', 347),
(145, 'Cefalea crónica, realizar estudios adicionales para confirmar tipo', 'Preliminar', 348),
(146, 'Trastorno de ansiedad generalizada, ajustar medicación ansiolítica', 'Confirmado', 349),
(147, 'Epilepsia focal, ajustes en tratamiento antiepiléptico necesarios', 'Confirmado', 350),
(148, 'Migraña con aura, tratamiento preventivo ajustado según síntomas', 'Confirmado', 351),
(149, 'Síndrome febril viral, realizar análisis de sangre para confirmar origen', 'Preliminar', 352),
(150, 'Asma bronquial controlada, mantener medicación y evitar desencadenantes', 'Confirmado', 353),
(151, 'Otitis media recurrente, iniciar tratamiento antibiótico adecuado', 'Confirmado', 354),
(152, 'Dermatitis atópica, continuar tratamiento con cremas y evitar factores desencadenantes', 'Confirmado', 355),
(153, 'Infección urinaria, tratamiento antibiótico de primera línea', 'Confirmado', 356),
(154, 'Retraso en el crecimiento, en evaluación endocrinológica', 'Preliminar', 357),
(155, 'Enuresis nocturna persistente, seguir terapia conductual', 'Confirmado', 358),
(156, 'Laringitis recurrente, manejo con corticosteroides orales', 'Confirmado', 359),
(157, 'Cefalea crónica, se recomienda evaluación neurológica para diagnóstico definitivo', 'Preliminar', 360),
(158, 'Trastorno de ansiedad generalizada, ajustar medicación ansiolítica según síntomas', 'Confirmado', 361),
(159, 'Epilepsia focal, ajuste de medicación antiepiléptica indicado', 'Confirmado', 362),
(160, 'Migraña con aura severa, iniciar tratamiento preventivo regular', 'Confirmado', 363),
(161, 'Síndrome febril sin diagnóstico claro, pendiente de confirmación', 'Preliminar', 364),
(162, 'Asma bronquial infantil controlada, continuar tratamiento con broncodilatadores y corticosteroides', 'Confirmado', 365),
(163, 'Otitis media recurrente, tratamiento antibiótico necesario', 'Confirmado', 366),
(164, 'Dermatitis atópica persistente, continuar tratamiento con cremas emolientes', 'Confirmado', 367),
(165, 'Infección urinaria infantil, antibióticos prescritos', 'Confirmado', 368),
(166, 'Evaluación de trastornos de crecimiento, derivado a endocrinología', 'Preliminar', 369),
(167, 'Enuresis nocturna, continuar seguimiento con recomendaciones de manejo conductual', 'Confirmado', 370),
(168, 'Laringitis recurrente en infancia, tratar con corticosteroides', 'Confirmado', 371),
(169, 'Cefaleas tensionales, pendiente confirmación con examen neurológico', 'Preliminar', 372),
(170, 'Ansiedad generalizada con episodios de pánico, medicación ajustada', 'Confirmado', 373),
(171, 'Epilepsia focal, ajuste en medicación antiepiléptica', 'Confirmado', 374),
(172, 'Migraña con aura, prevenir ataques con tratamiento farmacológico', 'Confirmado', 375),
(173, 'Ha mejorado notablemente. ', 'Preliminar', 52),
(174, 'Muy buena evolución.', 'Preliminar', 53),
(175, 'Cefalea crónica tipo tensional, requiere seguimiento neurológico', 'Confirmado', 372),
(176, 'Trastorno de ansiedad generalizada, ajustar medicación ansiolítica', 'Preliminar', 373),
(177, 'Epilepsia, ajustar dosis de medicación antiepiléptica', 'Confirmado', 374),
(178, 'Migraña con aura, iniciar tratamiento preventivo con triptanes', 'Confirmado', 375),
(179, 'Síndrome febril en niño, diagnóstico pendiente de pruebas', 'Confirmado', 376),
(180, 'Asma bronquial infantil, continuar con broncodilatadores y corticoides', 'Preliminar', 377),
(181, 'Otitis media recurrente, iniciar antibióticos de amplio espectro', 'Preliminar', 378),
(182, 'Dermatitis atópica infantil, continuar con tratamiento con emolientes', 'Preliminar', 379),
(183, 'Infección urinaria en niños, tratamiento antibiótico con amoxicilina', 'Preliminar', 380),
(184, 'Trastornos de crecimiento, posible déficit hormonal, seguir con evaluación endocrinológica', 'Preliminar', 381),
(185, 'Enuresis nocturna, continuar con pautas de control y medicación', 'Confirmado', 382),
(186, 'Laringitis infantil, iniciar tratamiento con corticosteroides', 'Confirmado', 383),
(187, 'Cefalea crónica tipo tensional, ajustar tratamiento farmacológico', 'Preliminar', 384),
(188, 'Trastorno de ansiedad generalizada, aumentar dosis de antidepresivos', 'Confirmado', 385),
(189, 'Epilepsia, seguir aumentando dosis de anticonvulsivos', 'Preliminar', 386),
(190, 'Migraña con aura, ajustar medicación preventiva', 'Preliminar', 387),
(191, 'Síndrome febril en niño, determinar causa infecciosa', 'Preliminar', 388),
(192, 'Asma bronquial infantil, aumentar dosis de broncodilatador', 'Preliminar', 389),
(193, 'Otitis media recurrente, continuar antibióticos por 7 días', 'Confirmado', 390),
(194, 'Dermatitis atópica infantil, seguir con tratamiento con corticosteroides tópicos', 'Confirmado', 391),
(195, 'Infección urinaria en niños, continuar con antibióticos', 'Preliminar', 392),
(196, 'Trastornos de crecimiento, continuar con seguimiento endocrinológico', 'Preliminar', 393),
(197, 'Enuresis nocturna, continuar seguimiento y recomendaciones', 'Preliminar', 394),
(198, 'Laringitis infantil, continuar tratamiento con corticoides y vigilancia', 'Preliminar', 395),
(199, 'Cefalea crónica tipo tensional, seguimiento mensual', 'Preliminar', 396),
(200, 'Trastorno de ansiedad generalizada, ajuste de tratamiento ansiolítico', 'Confirmado', 397),
(201, 'Epilepsia, mantener tratamiento con anticonvulsivos', 'Preliminar', 398),
(202, 'Migraña con aura, mantenimiento de tratamiento preventivo', 'Confirmado', 399),
(203, 'Control ginecológico anual. Paciente sin alteraciones evidentes. Se recomienda seguimiento periódico.', 'Confirmado', 400),
(204, 'Dolor pélvico crónico. Se sospecha dismenorrea primaria. Se recomienda tratamiento sintomático y seguimiento.', 'Preliminar', 401),
(205, 'Control de anticoncepción. No se observan complicaciones. Se recomienda continuar con el método actual.', 'Confirmado', 402),
(206, 'Evaluación de sangrado anómalo. Se observa posible fibromatosis uterina. Se recomienda ecografía pélvica.', 'Preliminar', 403),
(207, 'Consulta por menorragia. Diagnóstico probable de miomatosis uterina. Se recomienda tratamiento médico.', 'Confirmado', 404),
(208, 'Control de fertilidad. Tratamiento en curso. No se observan complicaciones. Se recomienda continuar tratamiento actual.', 'Confirmado', 405),
(209, 'Dolor durante la menstruación. Se sugiere tratamiento hormonal para aliviar los síntomas.', 'Preliminar', 406),
(210, 'Consulta de embarazo temprano. Embarazo intrauterino confirmado. Se recomienda seguimiento ginecológico regular.', 'Confirmado', 407),
(211, 'Evaluación de menopausia. Paciente en fase premenopáusica. Se sugiere seguimiento hormonal y manejo sintomático.', 'Preliminar', 408),
(212, 'Consulta por infecciones recurrentes vaginales. Diagnóstico de vaginosis bacteriana recurrente. Se recomienda tratamiento antibiótico.', 'Confirmado', 409),
(213, 'Diagnóstico de cáncer de mama en tratamiento. Paciente en remisión. Se recomienda control ginecológico regular.', 'Confirmado', 410),
(214, 'Síndrome de ovarios poliquísticos. Se observa alteración hormonal. Se recomienda tratamiento con anticonceptivos orales.', 'Preliminar', 411),
(215, 'Antecedente de cáncer cervical en familia. Paciente sin alteraciones. Se recomienda seguimiento con papanicolau anual.', 'Confirmado', 412),
(216, 'Antecedente de aborto espontáneo. Paciente estable. Se recomienda tratamiento psicológico de apoyo.', 'Preliminar', 413),
(217, 'Colesterol elevado. Se recomienda evaluación de riesgo cardiovascular y control de colesterol.', 'Preliminar', 414),
(218, 'Infertilidad diagnosticada. Se recomienda tratamiento hormonal para inducción de ovulación.', 'Preliminar', 415),
(219, 'Cáncer de ovario en remisión. Se recomienda seguimiento ginecológico cada seis meses.', 'Confirmado', 416),
(220, 'Hipotiroidismo en tratamiento. Se recomienda seguimiento endocrinológico junto con control ginecológico.', 'Confirmado', 417),
(221, 'Pérdida de masa ósea. Se sugiere tratamiento con suplementos de calcio y vitamina D.', 'Preliminar', 418),
(222, 'Problemas menstruales crónicos. Se recomienda tratamiento hormonal para regular los ciclos.', 'Preliminar', 419),
(223, 'Trastorno depresivo mayor. Se sugiere tratamiento psicológico y farmacológico.', 'Preliminar', 420),
(224, 'Enfermedad inflamatoria pélvica tratada con antibióticos. Paciente estable. Se recomienda control regular.', 'Confirmado', 421),
(225, 'Alergia a látex. Evitar contacto con productos que contengan látex. Se recomienda uso de productos alternativos.', 'Confirmado', 422),
(226, 'Cirugía de miomectomía realizada. Seguimiento ginecológico requerido. Paciente estable.', 'Confirmado', 423),
(227, 'Trombosis venosa profunda. Se recomienda tratamiento anticoagulante y seguimiento con flebología.', 'Preliminar', 424),
(228, 'Artritis reumatoide. Se recomienda tratamiento para control de los síntomas, seguimiento reumatológico.', 'Preliminar', 425),
(229, 'Cáncer uterino en familia. Se recomienda seguimiento ginecológico regular.', 'Confirmado', 426),
(230, 'Síndrome de Cushing. Se recomienda tratamiento endocrinológico y control ginecológico regular.', 'Preliminar', 427),
(231, 'Anemia ferropénica crónica. Se recomienda tratamiento con hierro y seguimiento hematológico.', 'Confirmado', 428),
(232, 'Histerectomía parcial realizada. No se observan complicaciones. Se recomienda seguimiento ginecológico.', 'Confirmado', 429),
(233, 'Hipertiroidismo en tratamiento. Se recomienda control regular con endocrinología.', 'Preliminar', 430),
(234, 'Cáncer de mama en tratamiento. Paciente estable, seguimiento ginecológico cada seis meses.', 'Confirmado', 431),
(235, 'Diabetes gestacional. Se recomienda control de glicemia y seguimiento con endocrinología.', 'Preliminar', 432),
(236, 'Síndrome de ovarios poliquísticos. Paciente en tratamiento con anticonceptivos. Se recomienda seguimiento regular.', 'Confirmado', 433),
(237, 'Endometriosis tratada con cirugía. Paciente estable. Se recomienda control ginecológico regular.', 'Confirmado', 434),
(238, 'Infarto previo. Se recomienda seguimiento cardiovascular y control ginecológico cada seis meses.', 'Preliminar', 435),
(239, 'Problemas de tiroides (hipotiroidismo). Paciente estable con tratamiento adecuado. Se recomienda seguimiento endocrinológico.', 'Confirmado', 436),
(240, 'Alergia a corticoides. Se recomienda evitar uso de corticoides y utilizar alternativas.', 'Confirmado', 437),
(241, 'Hipoacusia diagnosticada. Se recomienda seguimiento con otorrinolaringología.', 'Preliminar', 438),
(242, 'Depresiones recurrentes. Se recomienda tratamiento psicológico y seguimiento psiquiátrico.', 'Preliminar', 439),
(243, 'Alergia a medicamentos para la tiroides. Se recomienda alternativa terapéutica.', 'Confirmado', 440),
(244, 'Cáncer cervical en familia. Se recomienda papanicolau cada año.', 'Confirmado', 441),
(245, 'Trombofilia diagnosticada. Se recomienda tratamiento anticoagulante y seguimiento ginecológico.', 'Preliminar', 442),
(246, 'Hipertensión durante el embarazo. Paciente estable, se recomienda control de presión arterial.', 'Preliminar', 443),
(247, 'Diagnóstico: Menorragia recurrente, probable disfunción hormonal, tratamiento recomendado con progestágenos.', 'Confirmado', 444),
(248, 'Diagnóstico: Tratamiento de fertilidad en curso, seguimiento de ovulación y evaluación de respuestas.', 'Preliminar', 445),
(249, 'Diagnóstico: Dismenorrea primaria, se recomienda tratamiento con antiinflamatorios no esteroides (AINEs).', 'Confirmado', 446),
(250, 'Diagnóstico: Embarazo temprano, seguimiento recomendado y control de signos vitales.', 'Confirmado', 447),
(251, 'Diagnóstico: Menopausia precoz, iniciar tratamiento con estrógenos y seguimiento de síntomas.', 'Confirmado', 448),
(252, 'Diagnóstico: Vaginosis bacteriana recurrente, tratamiento con antibióticos locales indicado.', 'Preliminar', 449),
(253, 'Diagnóstico: Control ginecológico anual, sin alteraciones significativas en el examen físico.', 'Confirmado', 450),
(254, 'Diagnóstico: Dolor pélvico crónico de origen no especificado, en evaluación continua.', 'Preliminar', 451),
(255, 'Diagnóstico: Control de anticoncepción, sin cambios en el tratamiento.', 'Confirmado', 452),
(256, 'Diagnóstico: Sangrado anómalo, posible causa hormonal, iniciar pruebas de función tiroidea.', 'Preliminar', 453),
(257, 'Diagnóstico: Menorragia, iniciado tratamiento con ácido tranexámico.', 'Confirmado', 454),
(258, 'Diagnóstico: Fertilidad en curso, revisión de parámetros hormonales y ultrasonido.', 'Preliminar', 455),
(259, 'Diagnóstico: Dismenorrea severa, tratamiento farmacológico con AINEs y seguimiento.', 'Confirmado', 456),
(260, 'Diagnóstico: Embarazo temprano, ecografía confirmatoria solicitada.', 'Confirmado', 457),
(261, 'Diagnóstico: Menopausia, tratamiento hormonal en curso, evaluar efectos adversos.', 'Preliminar', 458),
(262, 'Diagnóstico: Vaginosis bacteriana, tratamiento con antibióticos orales y seguimiento.', 'Confirmado', 459),
(263, 'Diagnóstico: Control ginecológico anual, sin hallazgos clínicos importantes.', 'Confirmado', 460),
(264, 'Diagnóstico: Dolor pélvico crónico no resuelto, continuar seguimiento multidisciplinario.', 'Preliminar', 461),
(265, 'Diagnóstico: Uso de anticonceptivos adecuado, no hay que modificar el tratamiento actual.', 'Confirmado', 462),
(266, 'Diagnóstico: Sangrado anómalo, realizar pruebas adicionales para descartar patologías subyacentes.', 'Preliminar', 463),
(267, 'Diagnóstico: Menorragia, revisar opciones quirúrgicas en caso de no responder al tratamiento médico.', 'Confirmado', 464),
(268, 'Diagnóstico: Fertilidad, seguimiento del tratamiento en curso, nuevo control en 1 mes.', 'Preliminar', 465),
(269, 'Diagnóstico: Dismenorrea tratada con AINEs, seguimiento para evaluar efectividad.', 'Confirmado', 466),
(270, 'Diagnóstico: Embarazo confirmado, proseguir con monitoreo y control prenatal.', 'Confirmado', 467),
(271, 'Diagnóstico: Menopausia, evaluación de síntomas y posibles alternativas para alivio de los mismos.', 'Preliminar', 468),
(272, 'Diagnóstico: Infecciones recurrentes vaginales, tratamiento antibiótico de amplio espectro indicado.', 'Confirmado', 469),
(273, 'Diagnóstico: Control ginecológico anual, todas las pruebas dentro de parámetros normales.', 'Confirmado', 470),
(274, 'Diagnóstico: Dolor pélvico, en espera de resultados de exámenes para determinar causa.', 'Preliminar', 471),
(275, 'Diagnóstico: Control de anticoncepción, tratamiento efectivo, sin cambios necesarios.', 'Confirmado', 472),
(276, 'Dolor pélvico crónico, posible endometriosis, iniciar evaluación con ecografía pélvica y seguimiento.', 'Confirmado', 471),
(277, 'Dolor pélvico crónico, posible endometriosis, iniciar evaluación con ecografía pélvica y seguimiento.', 'Preliminar', 471),
(278, 'Control de anticoncepción, en evaluación de cambios hormonales por introducción de nuevo método.', 'Preliminar', 472),
(279, 'Evaluación de sangrado anómalo, probable disfunción endometrial, requeriría estudios adicionales.', 'Preliminar', 473),
(280, 'Menorragia, probable causa hormonal, se prescribe tratamiento con progestágenos.', 'Preliminar', 474),
(281, 'Control de fertilidad, tratamiento con estimulantes ováricos, evaluación de respuesta positiva.', 'Preliminar', 475),
(282, 'Dolor durante la menstruación, posible dismenorrea primaria, tratamiento con AINEs.', 'Preliminar', 476),
(283, 'Consulta por embarazo temprano, sospecha de embarazo ectópico, evaluación urgente recomendada.', 'Preliminar', 477),
(284, 'Evaluación de menopausia, diagnóstico probable de insuficiencia ovárica precoz.', 'Preliminar', 478),
(285, 'Infecciones recurrentes vaginales, diagnóstico de candidiasis crónica, tratamiento antimicótico recomendado.', 'Preliminar', 479),
(286, 'Control ginecológico anual, revisión de resultados negativos, sin novedades.', 'Preliminar', 480),
(287, 'Dolor pélvico crónico, posible adenomiosis, estudios adicionales solicitados.', 'Preliminar', 481),
(288, 'Control de anticoncepción, monitorización de efectos secundarios, sin novedades.', 'Preliminar', 482),
(289, 'Evaluación de sangrado anómalo, probable disfunción hormonal, se solicitan más estudios.', 'Preliminar', 483),
(290, 'Consulta por menorragia, diagnóstico de miomas uterinos, tratamiento con ácido tranexámico recomendado.', 'Preliminar', 484),
(291, 'Control ginecológico anual, revisión de resultados negativos, sin novedades.', 'Preliminar', 485),
(292, 'Dolor durante la menstruación, posible dismenorrea primaria, tratamiento con AINEs indicado.', 'Preliminar', 486),
(293, 'Consulta de embarazo temprano, evaluación de posible embarazo ectópico, se ordena ecografía.', 'Preliminar', 487),
(294, 'Evaluación de menopausia, diagnóstico probable de insuficiencia ovárica, se recomienda terapia hormonal.', 'Preliminar', 488),
(295, 'Infecciones recurrentes vaginales, diagnóstico de candidiasis crónica, se prescribe tratamiento antifúngico.', 'Preliminar', 489);

-- --------------------------------------------------------

--
-- Estructura de tabla para la tabla `especialidad`
--

DROP TABLE IF EXISTS `especialidad`;
CREATE TABLE `especialidad` (
  `id_especialidad` int(11) NOT NULL,
  `nombre` varchar(100) NOT NULL
) ENGINE=InnoDB DEFAULT CHARSET=utf8mb4 COLLATE=utf8mb4_unicode_ci;

--
-- Volcado de datos para la tabla `especialidad`
--

INSERT INTO `especialidad` (`id_especialidad`, `nombre`) VALUES
(1, 'Cardiología'),
(2, 'Dermatología'),
(3, 'Neurología'),
(4, 'Pediatría'),
(5, 'Ginecología'),
(6, 'Oftalmología'),
(7, 'Psiquiatría'),
(8, 'Endocrinología'),
(9, 'Traumatología'),
(10, 'Oncología'),
(11, 'Otorrinolaringología'),
(12, 'Urología'),
(13, 'Medicina General'),
(14, 'Reumatología'),
(15, 'Nefrología'),
(16, 'Anestesiología'),
(17, 'Cirugía General'),
(18, 'Maternidad'),
(19, 'Inmunología'),
(20, 'Hematología');

-- --------------------------------------------------------

--
-- Estructura de tabla para la tabla `evolucion`
--

DROP TABLE IF EXISTS `evolucion`;
CREATE TABLE `evolucion` (
  `id_evolucion` int(11) NOT NULL,
  `resumen_evolucion` varchar(500) NOT NULL,
  `numero_turno` int(11) DEFAULT NULL
) ENGINE=InnoDB DEFAULT CHARSET=utf8mb4 COLLATE=utf8mb4_unicode_ci;

--
-- Volcado de datos para la tabla `evolucion`
--

INSERT INTO `evolucion` (`id_evolucion`, `resumen_evolucion`, `numero_turno`) VALUES
(1, 'Paciente estable, continuar tratamiento para hipertensión, mantener medicación. Requiere control en 1 mes.', 1),
(2, 'Paciente mejorado, seguir con medicación prescrita. Se recomienda realizar controles periódicos de presión arterial.', 2),
(3, 'Lesión muscular en recuperación, iniciar sesiones de fisioterapia. Control en 2 semanas.', 3),
(4, 'Paciente con crisis asmática leve, continúa con tratamiento broncodilatador. Recomendación: evitar factores desencadenantes.', 4),
(5, 'Hipotiroidismo controlado, ajustar dosis de medicación, seguimiento en 1 mes.', 5),
(6, 'Paciente en postoperatorio de cáncer de piel, seguimiento adecuado. Se recomienda evitar exposición al sol.', 6),
(7, 'Colitis ulcerosa en fase activa, iniciar tratamiento antiinflamatorio y seguimiento cercano.', 7),
(8, 'Fractura de radio en recuperación, inmovilización en curso. Control en 1 semana para evaluar proceso de curación.', 8),
(9, 'Neumonía leve, tratamiento con antibióticos en curso. Control en 1 semana.', 9),
(10, 'Paciente con antecedentes de diabetes tipo 2, mantener control de glucemia y seguimiento en 1 mes.', 10),
(11, 'Paciente con epilepsia, seguimiento neurológico regular. Ajuste en medicación para prevenir crisis.', 11),
(12, 'Paciente con cataratas en ambos ojos, se recomienda cirugía en 1 mes. Seguimiento postoperatorio después de la intervención.', 12),
(13, 'Hernia discal lumbar en seguimiento. Requiere sesiones de fisioterapia y control en 1 mes.', 13),
(14, 'Alergia a mariscos, evitar consumo. No se presentan síntomas actuales.', 14),
(15, 'Paciente con diabetes tipo 2, ajuste en tratamiento necesario. Control en 1 semana para seguimiento de glucemia.', 15),
(16, 'Hipertensión arterial controlada, continuar con tratamiento antihipertensivo. Se recomienda control cada 3 meses.', 16),
(17, 'Paciente con antecedentes de ACV, control neurológico y seguimiento regular. Recomendación: mantener medicación adecuada.', 17),
(18, 'Artritis reumatoidea en remisión. Continuar con tratamiento de mantenimiento y seguimiento en 3 meses.', 18),
(19, 'Apendicitis resuelta, revisión postquirúrgica sin complicaciones. Recomendación: evitar esfuerzos físicos durante 2 semanas.', 19),
(20, 'Paciente con asma alérgica, medicación preventiva adecuada, control en 2 semanas para seguimiento.', 20),
(21, 'Postoperatorio de bypass gástrico, seguir dieta recomendada y realizar controles de peso y nutrición.', 21),
(22, 'Alergia al látex, evitar exposición a productos que contengan látex.', 22),
(23, 'Síndrome metabólico, cambiar hábitos alimenticios y aumentar actividad física. Control en 1 mes.', 23),
(24, 'Infección urinaria recurrente, continuar tratamiento antibiótico hasta finalizar el ciclo. Control en 1 mes.', 24),
(25, 'Migrañas crónicas, continuar medicación preventiva, seguimiento en 1 mes.', 25),
(26, 'Fractura de fémur postoperatoria, seguimiento en 1 mes para evaluación del proceso de curación.', 26),
(27, 'Apendicitis resuelta sin complicaciones, control postquirúrgico en 1 semana.', 27),
(28, 'Paciente con cáncer de mama en tratamiento postquirúrgico. Se recomienda seguimiento oncológico en 1 mes.', 28),
(29, 'Trastorno de ansiedad generalizada, iniciar tratamiento psicológico y seguimiento en 2 semanas.', 29),
(30, 'Artritis degenerativa en rodillas, continuar tratamiento con analgésicos y fisioterapia. Control en 1 mes.', 30),
(31, 'Síndrome de insuficiencia venosa, continuar tratamiento con medias de compresión. Control en 1 mes.', 31),
(32, 'Neumonía leve, seguir con tratamiento antibiótico hasta finalizar ciclo. Control en 1 semana.', 32),
(33, 'Esguince en tobillo izquierdo, continuar reposo y aplicar frío. Control en 1 semana.', 33),
(34, 'Hipotiroidismo controlado, continuar con tratamiento. Control en 1 mes para seguimiento.', 34),
(35, 'Alergia al polvo, continuar con antihistamínicos. Control en 1 mes para verificar evolución.', 35),
(36, 'Trastornos digestivos leves, iniciar tratamiento con antiácidos. Control en 1 mes.', 36),
(37, 'Hernia inguinal operada, seguimiento postquirúrgico sin complicaciones. Control en 1 mes.', 37),
(38, 'Hiperlipidemia, continuar con dieta baja en grasas. Control de colesterol en 1 mes.', 38),
(39, 'Cáncer de pulmón diagnosticado, iniciar tratamiento oncológico. Control en 1 semana.', 39),
(40, 'Insuficiencia renal crónica, continuar con diálisis periódica. Control en 1 mes.', 40),
(41, 'Alergia a medicamentos (penicilina), evitar su uso. Control en 1 mes.', 41),
(42, 'Síndrome de fatiga crónica, iniciar tratamiento con terapia física y control en 2 semanas.', 42),
(43, 'Alergia a los ácaros, control ambiental necesario. Continuar con antihistamínicos.', 43),
(44, 'Diabetes tipo 2, mantener tratamiento con insulina. Control en 1 semana para verificar niveles de glucosa.', 44),
(45, 'Hipertensión leve, continuar con medicación antihipertensiva. Control en 1 mes.', 45),
(46, 'Fractura de clavícula, seguimiento postquirúrgico. Control en 2 semanas.', 46),
(47, 'Anemia ferropénica, iniciar tratamiento con suplementos de hierro. Control en 1 mes.', 47),
(48, 'Colesterol elevado, continuar con dieta recomendada y seguimiento en 1 mes.', 48),
(49, 'Cáncer colorrectal, iniciar tratamiento oncológico. Control en 1 semana.', 49),
(50, 'Síndrome de apnea obstructiva del sueño, iniciar tratamiento con CPAP. Control en 1 mes.', 50),
(51, 'Fibromialgia, continuar tratamiento con analgésicos y terapia física. Control en 1 mes.', 51),
(52, 'Dermatitis atópica mejorada con tratamiento tópico. Continuar hidratación y evitar desencadenantes. Control en 2 semanas.', 140),
(53, 'Lesión cutánea sospechosa de melanoma, biopsia realizada, esperar resultados. Control en 1 semana.', 141),
(54, 'Rinitis alérgica controlada con antihistamínicos. Mantener tratamiento y evitar exposición al polen. Control en 1 mes.', 142),
(55, 'Reacción alérgica grave a la aspirina, se suspendió el medicamento. Control en 2 semanas.', 143),
(56, 'Dermatitis de contacto mejorada con cremas tópicas. Evitar contacto con almendras. Control en 3 semanas.', 144),
(57, 'Intolerancia a la lactosa controlada con dieta. Mantener recomendaciones dietéticas. Control en 1 mes.', 145),
(58, 'Alergia a sulfonamidas confirmada, evitar antibióticos de este grupo. Control en 3 meses.', 146),
(59, 'Melanoma en estadio inicial, cirugía para resección programada. Control postquirúrgico en 1 mes.', 147),
(60, 'Reacción alérgica por cosméticos, síntomas controlados con corticoides. Evitar productos irritantes. Control en 1 mes.', 148),
(61, 'Alergia a la penicilina confirmada, se evitó el uso de este antibiótico. Control en 6 meses.', 149),
(62, 'Hipotiroidismo controlado con medicación. Ajustar dosis de levotiroxina. Control endocrinológico en 3 meses.', 150),
(63, 'Dermatitis alérgica por fragancias, mejora con cremas hidratantes y corticoides. Evitar productos con fragancias. Control en 1 mes.', 151),
(64, 'Cáncer de piel en estadio I, seguimiento postquirúrgico necesario. Programar control dermatológico en 3 meses.', 152),
(65, 'Reacción alérgica a mariscos, tratamiento con antihistamínicos. Mantener dieta sin mariscos. Control en 1 mes.', 153),
(66, 'Migrañas recurrentes, continuando tratamiento preventivo. Control neurológico en 2 meses.', 154),
(67, 'Antecedentes de cáncer de mama en familiares, mamografía de control realizada. Control mamográfico en 6 meses.', 155),
(68, 'Linfoma tratado con quimioterapia, remisión parcial. Continuar seguimiento oncológico. Control en 1 mes.', 156),
(69, 'EPOC, manejo con broncodilatadores adecuado. Control respiratorio en 3 meses.', 157),
(70, 'Alergia severa a sulfonamidas, evitar uso de medicamentos relacionados. Control en 6 meses.', 158),
(71, 'Hipotensión ortostática controlada con medidas preventivas. Control en 3 meses.', 159),
(72, 'Cáncer de piel tratado, seguimiento postoperatorio adecuado. Control dermatológico en 2 meses.', 160),
(73, 'Cálculos renales, seguimiento conservador. Control urológico en 6 meses.', 161),
(74, 'Alergia a los lácteos controlada con dieta sin lácteos. Control dietético en 3 meses.', 162),
(75, 'Linfoma, en tratamiento con quimioterapia, respuesta positiva. Control en 1 mes.', 163),
(76, 'Alergia a la soja, continuando eliminación de soja en la dieta. Control en 1 mes.', 164),
(77, 'Psoriasis mejorada con tratamiento tópico. Continuar fototerapia. Control dermatológico en 2 meses.', 165),
(78, 'Artritis reumatoide, controlada con fármacos. Continuar seguimiento en reumatología. Control en 3 meses.', 166),
(79, 'Apéndicitis, postoperatorio sin complicaciones. Continuar seguimiento. Control en 2 semanas.', 167),
(80, 'Reacción a AINEs, tratamiento cambiado a analgésicos alternativos. Control en 1 mes.', 168),
(81, 'Embarazo de alto riesgo, monitoreo frecuente de presión arterial. Control obstétrico semanal.', 169),
(82, 'Cáncer de piel tratado, seguimiento postquirúrgico adecuado. Control dermatológico en 3 meses.', 170),
(83, 'Quemaduras de tercer grado, curaciones periódicas y seguimiento postquirúrgico. Control en 2 semanas.', 171),
(84, 'Alergia a polvo, tratamiento con antihistamínicos. Evitar exposición a polvo. Control en 1 mes.', 172),
(85, 'Linfoma de Hodgkin, en tratamiento con quimioterapia, respuesta positiva. Control oncológico en 1 mes.', 173),
(86, 'Rinitis alérgica controlada con tratamiento adecuado. Control en 1 mes.', 174),
(87, 'Acné severo, en tratamiento con isotretinoína, mejora progresiva. Control dermatológico en 2 meses.', 175),
(88, 'Alergia a picaduras de insectos, prevención con epinefrina. Control en 3 meses.', 176),
(89, 'Infarto de miocardio, tratamiento con anticoagulantes y seguimiento cardiológico. Control en 3 meses.', 177),
(90, 'Cáncer de colon, postoperatorio sin complicaciones. Control en 3 meses.', 178),
(91, 'Meniscopatía, seguimiento postquirúrgico adecuado. Control en 2 meses.', 179),
(92, 'Úlceras gástricas, tratamiento con inhibidores de bomba de protones. Control digestivo en 2 meses.', 180),
(93, 'Continuar seguimiento oncológico y control de fatiga. Se recomienda terapia de apoyo.', 181),
(94, 'Iniciar tratamiento con cremas tópicas y antihistamínicos. Evitar contacto con el alérgeno.', 182),
(95, 'Solicitar estudios radiológicos para confirmar diagnóstico. Seguir tratamiento con antibióticos si es necesario.', 183),
(96, 'Realizar biopsia para descartar malignidad. Control dermatológico posterior.', 184),
(97, 'Iniciar tratamiento con cremas y antihistamínicos. Seguir con monitoreo dermatológico.', 185),
(98, 'Realizar pruebas adicionales para determinar origen viral. Reposo y líquidos.', 186),
(99, 'Iniciar tratamiento con antihistamínicos y cremas tópicas. Seguimiento dermatológico requerido.', 187),
(100, 'Controlar dolor con antiácidos. Evaluar posibles causas de gastritis.', 188),
(101, 'Recomendación de higiene bucal y tratamiento con enjuagues. Seguimiento odontológico.', 189),
(102, 'Control dermatológico y evaluar tratamiento. En caso de no mejorar, biopsia.', 190),
(103, 'Continuar monitoreo. Reevaluar si los síntomas persisten en 2 semanas.', 191),
(104, 'Iniciar tratamiento antibiótico y evaluar si es necesario un estudio adicional.', 192),
(105, 'Realizar biopsia para confirmar diagnóstico. En caso de malignidad, proceder con cirugía.', 193),
(106, 'Iniciar tratamiento con antibióticos y monitorizar evolución respiratoria.', 194),
(107, 'Recomendación de antihistamínicos y cuidado de la piel. Control dermatológico.', 195),
(108, 'Controlar sudoración con tratamiento hormonal, si es necesario. Realizar análisis.', 196),
(109, 'Iniciar tratamiento antibiótico. Evaluar respuesta al tratamiento.', 197),
(110, 'Iniciar tratamiento tópico para aliviar el dolor y la inflamación.', 198),
(111, 'Control de asma y terapia broncodilatadora. Reevaluar en un mes.', 199),
(112, 'Evaluar en un control dermatológico especializado. Realizar biopsia si es necesario.', 200),
(113, 'Evaluación urgente en dermatología para posible melanoma. Seguimiento posterior.', 201),
(114, 'Iniciar tratamiento con analgésicos y seguir dieta líquida por 2 días.', 202),
(115, 'Evaluar en consulta dermatológica para tomar decisión sobre posibles procedimientos.', 203),
(116, 'Revisar posibles causas subyacentes de fatiga. Realizar análisis de sangre.', 204),
(117, 'Recomendar antihistamínicos y control de exposición a alérgenos.', 205),
(118, 'Recomendar tratamiento tópico y evitar exposición a alérgenos.', 206),
(119, 'Control respiratorio y recomendaciones para evitar sobreesfuerzo físico.', 207),
(120, 'Recomendación de evitar contacto con alérgenos y seguir tratamiento con antihistamínicos.', 208),
(121, 'Evaluar las causas de fiebre y malestar general. Iniciar tratamiento sintomático.', 209),
(122, 'Iniciar tratamiento antibiótico. Reevaluar en caso de síntomas persistentes.', 210),
(123, 'Evaluación dermatológica y posible extracción de lunares sospechosos.', 211),
(124, 'Realizar análisis adicionales y controlar el nivel de energía. Posible trastorno endocrino.', 212),
(125, 'Tratamiento tópico para dermatitis. Reevaluación si persisten los síntomas.', 213),
(126, 'Control médico para investigar las causas subyacentes. Reevaluación en un mes.', 214),
(127, 'Seguir control dermatológico para evaluar evolución. Posible biopsia.', 215),
(128, 'Control dermatológico y seguimiento de evolución. Evitar exposición a irritantes.', 216),
(129, 'Control hormonal y seguimiento para evitar crisis. Realizar análisis periódicos.', 217),
(130, 'Iniciar tratamiento con analgésicos y cremas tópicas. Seguir indicaciones médicas.', 218),
(131, 'Evaluar tratamiento endocrinológico. Seguir dieta recomendada.', 219),
(132, 'Iniciar tratamiento con antihistamínicos y seguimiento para evolución.', 220),
(133, 'Cefalea crónica, se ajusta tratamiento analgésico, control en 1 mes para evaluar mejoría.', 336),
(134, 'Paciente con trastorno de ansiedad generalizada, se ajusta medicación ansiolítica, control en 2 semanas.', 337),
(135, 'Ajuste de dosis de antiepilépticos, seguimiento en 3 meses para evaluar respuesta terapéutica.', 338),
(136, 'Tratamiento preventivo para migraña con aura, seguir medidas preventivas y control en 1 mes.', 339),
(137, 'Síndrome febril en niño, seguimiento de temperatura y evaluación clínica en 3 días.', 340),
(138, 'Asma controlada, seguir tratamiento preventivo y evitar desencadenantes, control en 1 mes.', 341),
(139, 'Otitis media recurrente, tratamiento antibiótico iniciado, control en 10 días para evaluar respuesta.', 342),
(140, 'Dermatitis atópica, seguir con tratamiento con emolientes y evitar factores desencadenantes, control en 1 mes.', 343),
(141, 'Infección urinaria tratada con antibióticos, seguimiento dentro de 1 semana para controlar posibles complicaciones.', 344),
(142, 'Evaluación endocrinológica en curso para trastornos de crecimiento, pendiente de resultados de laboratorio.', 345),
(143, 'Enuresis nocturna, seguimiento con recomendaciones conductuales, control en 1 mes.', 346),
(144, 'Laringitis tratada con corticosteroides, continuar con tratamiento y control en 1 semana.', 347),
(145, 'Cefalea crónica persistente, se recomienda seguimiento neurológico y pruebas adicionales.', 348),
(146, 'Ajuste de medicación para trastorno de ansiedad generalizada, seguimiento en 2 semanas.', 349),
(147, 'Aumento de dosis de antiepilépticos, controlar efectos secundarios y seguimiento en 3 meses.', 350),
(148, 'Tratamiento preventivo para migraña con aura, ajustar tratamiento si es necesario, control en 1 mes.', 351),
(149, 'Síndrome febril sin diagnóstico claro, realizar nuevos estudios y seguimiento en 3 días.', 352),
(150, 'Asma bronquial controlada, mantener medicación y evitar factores desencadenantes, control en 1 mes.', 353),
(151, 'Otitis media recurrente tratada con antibióticos, control en 10 días para evaluar respuesta.', 354),
(152, 'Dermatitis atópica infantil, continuar con emolientes y evitar factores desencadenantes, seguimiento en 1 mes.', 355),
(153, 'Infección urinaria tratada, seguimiento en 1 semana para asegurar resolución completa.', 356),
(154, 'Evaluación de trastornos de crecimiento, pendiente de los resultados de laboratorio.', 357),
(155, 'Enuresis nocturna, terapia conductual iniciada, seguimiento en 1 mes para evaluar mejoría.', 358),
(156, 'Laringitis tratada con corticosteroides, control en 1 semana para evaluar respuesta.', 359),
(157, 'Cefalea crónica, seguimiento neurológico solicitado para evaluar diagnóstico definitivo.', 360),
(158, 'Ajuste de medicación para trastorno de ansiedad, control en 2 semanas.', 361),
(159, 'Aumento de dosis de antiepilépticos, control en 3 meses para evaluación de efectos secundarios.', 362),
(160, 'Iniciar tratamiento preventivo para migraña con aura, seguimiento en 1 mes.', 363),
(161, 'Síndrome febril en niño, seguimiento y nuevos estudios en 3 días.', 364),
(162, 'Asma controlada con medicación, seguimiento en 1 mes.', 365),
(163, 'Tratamiento antibiótico iniciado para otitis media, seguimiento en 1 semana.', 366),
(164, 'Dermatitis atópica en tratamiento con emolientes, seguimiento en 1 mes.', 367),
(165, 'Infección urinaria tratada con antibióticos, control en 1 semana para asegurar respuesta.', 368),
(166, 'Evaluación endocrinológica de trastornos de crecimiento, pendiente de análisis.', 369),
(167, 'Enuresis nocturna, recomendaciones conductuales, seguimiento en 1 mes.', 370),
(168, 'Laringitis tratada con corticosteroides, seguimiento en 1 semana.', 371),
(170, 'El paciente __DNI: __ se presenta a consulta por __[motivo de consulta]__. Se realizó una anamnesis detallada, con un enfoque particular en los antecedentes médicos y familiares del paciente. En el examen físico, se encontraron signos de __[hallazgos clínicos]__. Se prescribieron los siguientes estudios: __[estudios indicados]__ y se programó una cita de seguimiento para __[fecha de seguimiento].', 52),
(172, '<p>El paciente __DNI: __ se presenta a consulta por __[motivo de consulta]__. Se realizó una anamnesis detallada, con un enfoque particular en los antecedentes médicos y familiares del paciente. En el examen físico, se encontraron signos de __[hallazgos clínicos]__. Se prescribieron los siguientes estudios: __[estudios indicados]__ y se programó una cita de seguimiento para __[fecha de seguimiento].</p>', 53),
(173, 'Paciente sigue con cefalea crónica, ajuste en el tratamiento farmacológico. Se recomienda continuar monitoreando la evolución en próximas consultas.', 372),
(174, 'El paciente muestra mejoría en los síntomas de ansiedad, pero se continuará ajustando la medicación. Control mensual.', 373),
(175, 'Se ajustó la dosis de anticonvulsivos para el control de las crisis. Seguimiento cercano en próximas consultas.', 374),
(176, 'Tratamiento preventivo para migraña en curso. Se recomienda seguir con la medicación y evaluar respuesta en 30 días.', 375),
(177, 'El síndrome febril en el niño se mantiene, se realizan más estudios para determinar la causa exacta.', 376),
(178, 'Asma infantil bajo control con el tratamiento actual. No se reportan exacerbaciones. Control en 1 mes.', 377),
(179, 'Otitis media tratada con antibióticos. Continuar el tratamiento y seguimiento. Control en 7 días.', 378),
(180, 'Dermatitis atópica mejorando con el tratamiento actual. Control para ajustar tratamiento si es necesario.', 379),
(181, 'Infección urinaria en niños resuelta con antibióticos. Seguir las indicaciones de higiene y control en 7 días.', 380),
(182, 'El niño muestra signos de mejora en el crecimiento. Continuar con tratamiento hormonal y seguimiento endocrinológico.', 381),
(183, 'Enuresis nocturna mejorando con las recomendaciones. Mantener control en 1 mes.', 382),
(184, 'Laringitis tratada con éxito con corticoides. Seguir con el tratamiento hasta completar el ciclo.', 383),
(185, 'Cefalea crónica bajo control con medicación ajustada. Requiere seguimiento neurológico para posibles cambios.', 384),
(186, 'Mejoría en los síntomas de ansiedad. Mantener el ajuste de la medicación para estabilizar el cuadro.', 385),
(187, 'Epilepsia controlada con anticonvulsivos. Continuar seguimiento y ajustes si fuera necesario.', 386),
(188, 'Migraña con aura bajo control con medicación preventiva. Seguir con la misma estrategia y hacer un control en 30 días.', 387),
(189, 'Síndrome febril en niño en observación. Continuar con pruebas diagnósticas para determinar la causa exacta.', 388),
(190, 'Asma infantil controlada, se recomienda mantener la medicación actual y evitar factores desencadenantes.', 389),
(191, 'Otitis media tratada con antibióticos, seguimiento positivo. Continuar tratamiento hasta la finalización.', 390),
(192, 'Dermatitis atópica en proceso de mejora. Continuar con la medicación indicada y control cada 2 semanas.', 391),
(193, 'Infección urinaria tratada con antibióticos, seguir instrucciones y mantener control en 1 semana.', 392),
(194, 'Trastornos de crecimiento en evaluación continua. Continuar con seguimiento endocrinológico cada 3 meses.', 393),
(195, 'Enuresis nocturna en seguimiento, continuar con las pautas de tratamiento y monitoreo.', 394),
(196, 'Laringitis tratada con éxito, seguimiento y control de síntomas en próximas consultas.', 395),
(197, 'Cefalea crónica estabilizada, control en 1 mes para ajustar si es necesario.', 396),
(198, 'Trastorno de ansiedad generalizada controlado, ajuste de medicación realizado. Control mensual.', 397),
(199, 'Epilepsia estable con anticonvulsivos. Mantener el tratamiento actual y controlar cualquier cambio en los síntomas.', 398),
(200, 'Migraña con aura, tratamiento preventivo bien tolerado. Continuar con seguimiento en 30 días.', 399),
(201, 'Control ginecológico anual. Paciente en buen estado de salud, sin complicaciones. Se recomienda continuar con los controles periódicos anuales.', 400),
(202, 'Dolor pélvico crónico. Paciente reporta alivio parcial con tratamiento. Se sugiere ajuste en la medicación y seguimiento en dos meses.', 401),
(203, 'Control de anticoncepción. No se han reportado efectos secundarios ni complicaciones. Se recomienda seguir con el mismo tratamiento anticonceptivo.', 402),
(204, 'Evaluación de sangrado anómalo. Se observan mejorías en los síntomas tras el tratamiento con progesterona. Se recomienda repetir ecografía en seis meses.', 403),
(205, 'Consulta por menorragia. Paciente con mejoría tras el tratamiento médico. Se continuará con seguimiento ginecológico en tres meses.', 404),
(206, 'Control de fertilidad. El tratamiento sigue su curso sin complicaciones. Se recomienda continuar con el tratamiento hormonal y evaluar resultados en dos meses.', 405),
(207, 'Dolor durante la menstruación. El tratamiento con anticonceptivos ha mostrado algunos resultados positivos. Se ajustará la dosis y se dará seguimiento en un mes.', 406),
(208, 'Consulta de embarazo temprano. Embarazo confirmado, se recomienda realizar ecografía a las 12 semanas para confirmar la evolución y revisar posibles complicaciones.', 407),
(209, 'Evaluación de menopausia. Paciente en etapa premenopáusica, sin signos de alteración grave. Se recomienda seguimiento hormonal y control de síntomas.', 408),
(210, 'Consulta por infecciones recurrentes vaginales. El tratamiento con antibióticos ha sido efectivo, pero se seguirá con seguimiento para evitar recurrencias.', 409),
(211, 'Diagnóstico de cáncer de mama en tratamiento. La paciente presenta buena respuesta al tratamiento oncológico. Se recomienda control médico cada tres meses.', 410),
(212, 'Síndrome de ovarios poliquísticos. Se recomienda continuar con tratamiento hormonal y realizar pruebas de laboratorio para ajustar el tratamiento en los próximos meses.', 411),
(213, 'Antecedente de cáncer cervical en familia. Paciente sin alteraciones en el papanicolau. Se recomienda mantener la vigilancia con controles anuales.', 412),
(214, 'Antecedente de aborto espontáneo. Paciente estable, sin complicaciones. Se recomienda seguimiento ginecológico regular y apoyo psicológico.', 413),
(215, 'Colesterol elevado. Se recomienda dieta baja en grasas, ejercicios y control de colesterol en el próximo chequeo.', 414),
(216, 'Infertilidad diagnosticada. Tratamiento hormonal exitoso, se recomienda seguimiento mensual y evaluación de resultados para optimizar el tratamiento.', 415),
(217, 'Cáncer de ovario en remisión. La paciente se encuentra estable. Se recomienda control ginecológico y seguimiento oncológico cada seis meses.', 416),
(218, 'Hipotiroidismo en tratamiento. Los niveles hormonales están estables, se recomienda control endocrinológico cada tres meses.', 417),
(219, 'Pérdida de masa ósea. Se recomienda iniciar tratamiento con suplementos de calcio y vitamina D, además de control anual de densidad ósea.', 418),
(220, 'Problemas menstruales crónicos. El tratamiento hormonal ha mejorado los síntomas. Se recomienda continuar con el tratamiento y seguimiento en tres meses.', 419),
(221, 'Trastorno depresivo mayor. La paciente ha respondido bien a la medicación. Se recomienda seguimiento con psicoterapia y ajuste de dosis si es necesario.', 420),
(222, 'Enfermedad inflamatoria pélvica tratada con antibióticos. La paciente presenta mejoría significativa. Se recomienda seguimiento ginecológico cada seis meses.', 421),
(223, 'Alergia a látex. Se recomienda evitar productos que contengan látex, con seguimiento médico anual para monitorear posibles reacciones.', 422),
(224, 'Cirugía de miomectomía realizada. La paciente se encuentra estable, se recomienda seguimiento ginecológico cada seis meses.', 423),
(225, 'Trombosis venosa profunda. La paciente está respondiendo bien al tratamiento anticoagulante. Se recomienda control de la coagulación y seguimiento cardiovascular.', 424),
(226, 'Artritis reumatoide. Se recomienda continuar con el tratamiento farmacológico y seguimiento reumatológico. No se observan complicaciones ginecológicas.', 425),
(227, 'Cáncer uterino en familia. Paciente estable, sin alteraciones. Se recomienda realizar una revisión ginecológica anual.', 426),
(228, 'Síndrome de Cushing. La paciente está recibiendo tratamiento endocrinológico adecuado. Se recomienda seguimiento hormonal continuo.', 427),
(229, 'Anemia ferropénica. El tratamiento con hierro está mostrando resultados positivos. Se recomienda realizar un control de los niveles de hierro en tres meses.', 428),
(230, 'Histerectomía parcial realizada. La paciente no presenta complicaciones postoperatorias. Se recomienda seguimiento ginecológico cada seis meses.', 429),
(231, 'Hipertiroidismo en tratamiento. La paciente está estable, con control endocrinológico regular. Se recomienda control de hormonas tiroideas cada tres meses.', 430),
(232, 'Cáncer de mama en tratamiento. La paciente sigue en remisión, sin signos de recaída. Se recomienda seguimiento médico cada seis meses.', 431),
(233, 'Diabetes gestacional. La glicemia está controlada. Se recomienda seguimiento endocrinológico post embarazo y controles de glicemia periódicos.', 432),
(234, 'Síndrome de ovarios poliquísticos. La paciente continúa con el tratamiento y muestra una mejoría en los síntomas. Se recomienda seguimiento trimestral.', 433),
(235, 'Endometriosis tratada con cirugía. La paciente está estable, sin complicaciones. Se recomienda seguimiento ginecológico y tratamiento para el dolor si es necesario.', 434),
(236, 'Infarto previo. La paciente está recibiendo tratamiento para control cardiovascular. Se recomienda seguimiento ginecológico y control de colesterol.', 435),
(237, 'Problemas de tiroides (hipotiroidismo). El tratamiento sigue siendo efectivo. Se recomienda monitorear los niveles hormonales y seguimiento endocrinológico.', 436),
(238, 'Alergia a corticoides. La paciente está siguiendo un tratamiento alternativo sin reacciones adversas. Se recomienda evitar el uso de corticoides.', 437),
(239, 'Hipoacusia diagnosticada. La paciente está siendo tratada por otorrinolaringología. No se requiere intervención ginecológica por el momento.', 438),
(240, 'Depresiones recurrentes. La paciente está mejorando con psicoterapia y medicación. Se recomienda continuar con el tratamiento y seguimiento psicológico.', 439),
(241, 'Alergia a medicamentos para la tiroides. La paciente está respondiendo bien al tratamiento alternativo. Se recomienda seguimiento endocrinológico.', 440),
(242, 'Cáncer cervical en familia. No se observan alteraciones. Se recomienda control ginecológico anual y papanicolau regular.', 441),
(243, 'Trombofilia diagnosticada. La paciente está en tratamiento anticoagulante. Se recomienda seguimiento con flebología y control ginecológico regular.', 442),
(244, 'Hipertensión durante el embarazo. La presión está controlada. Se recomienda seguimiento con obstetricia y control de presión arterial.', 443),
(245, 'Tratamiento con progestágenos iniciado, paciente mejora de la menorragia, se recomienda control en 3 meses.', 444),
(246, 'Fertilización asistida continua, no se reportan cambios en los parámetros hormonales, control cada 30 días.', 445),
(247, 'El dolor durante la menstruación ha disminuido con el tratamiento farmacológico, control en 15 días.', 446),
(248, 'Embarazo confirmado, seguimiento fetal solicitado y controles periódicos recomendados.', 447),
(249, 'Tratamiento hormonal iniciado, la paciente muestra respuesta positiva. Se recomienda control en 6 meses.', 448),
(250, 'Vaginosis bacteriana tratada, seguimiento con cultivos periódicos, control en un mes.', 449),
(251, 'Control ginecológico anual sin novedades, próxima consulta recomendada en 1 año.', 450),
(252, 'El dolor pélvico sigue sin cambios, recomendada evaluación con ecografía, control en 1 mes.', 451),
(253, 'Control de anticoncepción sin alteraciones, seguir con el mismo tratamiento actual.', 452),
(254, 'Sangrado anómalo evaluado, espera de resultados adicionales de función tiroidea.', 453),
(255, 'Menorragia tratada con ácido tranexámico, control cada 3 meses.', 454),
(256, 'Fertilización asistida en curso, se continúa con monitoreo hormonal y ecografía semanal.', 455),
(257, 'Dismenorrea tratada con AINEs, paciente reporta mejoría, control cada 3 meses.', 456),
(258, 'Embarazo temprano confirmado, proseguir con monitoreo de signos vitales y ecografía.', 457),
(259, 'Menopausia tratada con estrógenos, evaluando efectos secundarios, próximo control en 6 meses.', 458),
(260, 'Vaginosis bacteriana tratada, se recomienda seguimiento con pruebas de cultivo vaginal.', 459),
(261, 'Control ginecológico anual realizado, sin novedades, próxima consulta en un año.', 460),
(262, 'Dolor pélvico crónico sigue sin resolución, tratamiento conservador en espera de resultados.', 461),
(263, 'Control de anticoncepción continúa sin cambios, seguir con el tratamiento habitual.', 462),
(264, 'Sangrado anómalo evaluado, se ordenaron más estudios para confirmar diagnóstico.', 463),
(265, 'Menorragia tratada con ácido tranexámico, controlar dentro de 2 meses.', 464),
(266, 'Fertilización asistida continua, control de parámetros hormonales recomendado.', 465),
(267, 'Dismenorrea tratada con AINEs, seguimiento mensual.', 466),
(268, 'Embarazo confirmado, seguimiento prenatal sin novedades, consulta de control en 1 mes.', 467),
(269, 'Menopausia evaluada, tratamiento hormonal con estrógenos continua, próxima consulta en 6 meses.', 468),
(270, 'Infecciones recurrentes tratadas, seguimiento con cultivos periódicos y antibióticos orales.', 469),
(271, 'Control ginecológico anual realizado, todas las pruebas dentro de parámetros normales.', 470),
(272, 'Paciente refiere mejoría parcial del dolor con analgésicos, se inicia tratamiento con antiinflamatorios no esteroides (AINEs), control en 1 mes.', 471),
(273, 'Paciente refiere mejoría parcial del dolor con analgésicos, se inicia tratamiento con antiinflamatorios no esteroides (AINEs), control en 1 mes.', 471),
(274, 'No se reportan efectos secundarios, paciente continua con el tratamiento actual, próxima consulta en 3 meses.', 472),
(275, 'Se ordenan análisis hormonales y ecografía, espera de resultados en 1 semana.', 473),
(276, 'Tratamiento con progestágenos iniciado, paciente mejorando, próxima consulta en 2 meses.', 474),
(277, 'Seguimiento continuo, control hormonal cada 2 semanas, próxima consulta en 1 mes.', 475),
(278, 'Tratamiento con AINEs iniciado, mejoría parcial, control mensual recomendado.', 476),
(279, 'Se recomienda ecografía urgente para descartar embarazo ectópico, control a las 48 horas.', 477),
(280, 'Tratamiento con terapia hormonal sustitutiva recomendado, control en 3 meses.', 478),
(281, 'Tratamiento antimicótico iniciado, seguimiento con pruebas de cultivo cada 2 semanas.', 479),
(282, 'Se recomienda control anual, sin cambios en el estado ginecológico.', 480),
(283, 'Ecografía pélvica realizada, resultados pendientes, control en 1 mes.', 481),
(284, 'Tratamiento anticonceptivo continuo sin efectos adversos reportados, control en 6 meses.', 482),
(285, 'Se solicitan análisis hormonales y ecografía, espera de resultados en 1 semana.', 483),
(286, 'Ácido tranexámico administrado, paciente con mejoría, próximo control en 2 meses.', 484),
(287, 'Consulta anual realizada, sin novedades, próximo control en 1 año.', 485),
(288, 'Tratamiento con AINEs iniciado, paciente en mejora, control mensual recomendado.', 486),
(289, 'Ecografía realizada, no se detecta embarazo ectópico, seguimiento en 1 mes para confirmación.', 487),
(290, 'Se inicia terapia hormonal sustitutiva, control en 3 meses para evaluar respuesta.', 488),
(291, 'Tratamiento antifúngico iniciado, control en 2 semanas para evaluación de resultados.', 489);

-- --------------------------------------------------------

--
-- Estructura de tabla para la tabla `habito`
--

DROP TABLE IF EXISTS `habito`;
CREATE TABLE `habito` (
  `id_habito` int(11) NOT NULL,
  `descripcion_habito` varchar(300) NOT NULL,
  `fecha_desde` date NOT NULL,
  `fecha_hasta` date DEFAULT NULL,
  `numero_turno` int(11) DEFAULT NULL
) ENGINE=InnoDB DEFAULT CHARSET=utf8mb4 COLLATE=utf8mb4_unicode_ci;

--
-- Volcado de datos para la tabla `habito`
--

INSERT INTO `habito` (`id_habito`, `descripcion_habito`, `fecha_desde`, `fecha_hasta`, `numero_turno`) VALUES
(1, 'Fumador compulsivo', '2017-05-20', NULL, 1),
(2, 'Consumo excesivo de alcohol', '2015-03-12', '2023-01-01', 2),
(3, 'Sedentarismo', '2018-06-25', NULL, 3),
(4, 'Inhalación constante de humo por trabajo en taller mecánico', '2019-01-15', NULL, 4),
(5, 'Dieta alta en carbohidratos', '2020-02-01', NULL, 5),
(6, 'Consumo moderado de cigarrillos, 5 diarios', '2021-05-10', NULL, 6),
(7, 'Abuso de cafeína (3 tazas diarias)', '2016-07-09', '2023-05-10', 7),
(8, 'Consumo de alcohol ocasional, fines de semana', '2022-04-15', NULL, 8),
(9, 'Ejercicio físico diario (caminata 30 minutos)', '2023-01-01', NULL, 9),
(10, 'Fumador social, ocasionalmente en reuniones', '2020-09-20', NULL, 10),
(11, 'Dieta balanceada con control de calorías', '2021-03-10', NULL, 11),
(12, 'Uso regular de medicamentos para control de ansiedad', '2022-11-14', NULL, 12),
(13, 'Consumo de comida rápida y fritos', '2020-12-01', NULL, 13),
(14, 'Hábito de tomar refrescos azucarados todos los días', '2019-02-20', '2024-02-20', 14),
(15, 'Alcohol consumido de forma ocasional en reuniones sociales', '2020-08-08', NULL, 15),
(16, 'Hábito de dormir menos de 6 horas por noche', '2018-09-13', NULL, 16),
(17, 'Sedentarismo con actividades mínimas de ejercicio', '2017-10-25', NULL, 17),
(18, 'Fumador de cigarrillos electrónicos', '2022-05-05', NULL, 18),
(19, 'Consumo de alimentos con alto contenido de grasas saturadas', '2021-11-30', NULL, 19),
(20, 'Alto consumo de carnes rojas, principalmente en cenas', '2020-07-14', '2023-07-14', 20),
(21, 'Uso regular de medicamentos para control de ansiedad', '2019-02-20', '2024-02-20', 140),
(22, 'Consumo regular de analgésicos por dolor crónico', '2018-06-15', '2024-11-01', 141),
(23, 'Consumo moderado de alcohol (1-2 copas por semana)', '2015-04-10', NULL, 142),
(24, 'Ejercicio físico moderado (3 veces por semana)', '2020-01-01', NULL, 143),
(25, 'Consumo excesivo de cafeína (más de 4 tazas diarias)', '2017-08-20', NULL, 144),
(26, 'Uso regular de cremas hidratantes para piel seca', '2021-03-05', NULL, 145),
(27, 'Dieta rica en frutas y verduras', '2022-05-10', NULL, 146),
(28, 'Consumo de cigarrillos (fuma 10 cigarrillos diarios)', '2019-01-15', NULL, 147),
(29, 'Sigue una dieta baja en sal debido a hipertensión', '2020-11-12', NULL, 148),
(30, 'Uso ocasional de medicamentos antiinflamatorios no esteroides', '2016-06-30', '2023-06-30', 149),
(31, 'Consumo moderado de carne roja (2 veces por semana)', '2021-02-10', NULL, 150),
(32, 'Medicación diaria para control de hipotiroidismo', '2018-05-01', NULL, 151),
(33, 'Ejercicio regular, camina 30 minutos diarios', '2019-07-01', NULL, 152),
(34, 'Baja ingesta de azúcares refinados en la dieta', '2020-09-01', NULL, 153),
(35, 'Consumo de lácteos como fuente principal de calcio', '2021-04-20', NULL, 154),
(36, 'Uso regular de protector solar para protección UV', '2020-06-15', NULL, 155),
(37, 'Consumo moderado de bebidas energéticas', '2018-09-25', '2023-09-25', 156),
(38, 'Consumo de chocolate negro (2-3 veces por semana)', '2017-12-10', NULL, 157),
(39, 'Uso de pastillas para dormir ocasionalmente', '2019-10-05', '2024-03-05', 158),
(40, 'Dieta vegetariana desde 2021', '2021-01-01', NULL, 159),
(41, 'Consumo moderado de alcohol (1 copa diaria)', '2016-02-25', NULL, 160),
(42, 'Práctica de yoga dos veces a la semana', '2021-08-01', NULL, 161),
(43, 'Uso de medicamentos antihistamínicos para rinitis estacional', '2020-04-10', NULL, 162),
(44, 'Consumo de antiácidos para problemas gástricos ocasionales', '2017-01-05', NULL, 163),
(45, 'Ingesta regular de agua (8 vasos diarios)', '2021-05-05', NULL, 164),
(46, 'Consumo de jugos naturales para evitar deficiencias vitamínicas', '2020-10-01', NULL, 165),
(47, 'Falta de ejercicio, estilo de vida sedentario', '2018-11-25', NULL, 166),
(48, 'Consumo de medicamentos para control de colesterol', '2021-02-01', NULL, 167),
(49, 'Uso de lentes para corrección de visión (prescripción de 2019)', '2019-06-01', NULL, 168),
(50, 'Dieta sin gluten por intolerancia diagnosticada', '2020-03-01', NULL, 169),
(51, 'Hábito de dormir menos de 6 horas por noche', '2020-07-01', NULL, 170),
(52, 'Consumo de tabaco ocasionalmente', '2015-10-20', '2020-10-20', 171),
(53, 'Consumo de frutos secos para controlar el colesterol', '2020-02-15', NULL, 172),
(54, 'Uso de medicación diaria para control de diabetes', '2018-05-01', NULL, 173),
(55, 'Consumo moderado de lácteos (1 porción diaria)', '2022-06-15', NULL, 174),
(56, 'Ejercicio físico intenso (4 veces por semana)', '2019-03-01', NULL, 175),
(57, 'Uso ocasional de analgésicos para dolores musculares', '2017-07-05', NULL, 176),
(58, 'Ingesta de alimentos procesados con alto contenido en sodio', '2021-07-20', NULL, 177),
(59, 'Uso regular de suplementos vitamínicos', '2020-01-15', NULL, 178),
(60, 'Práctica de meditación diaria para reducir el estrés', '2018-03-10', NULL, 179),
(61, 'Consumo regular de pescado por su alto contenido de omega 3', '2021-05-10', NULL, 180),
(62, 'Uso regular de analgésicos para control de cefalea', '2020-01-01', '2024-11-08', 336),
(63, 'Consumo regular de ansiolíticos para control de ansiedad', '2021-05-15', NULL, 337),
(64, 'Toma diaria de medicación antiepiléptica', '2018-08-01', NULL, 338),
(65, 'Uso de medicación preventiva para migrañas', '2021-02-10', '2024-11-08', 339),
(66, 'Uso intermitente de antipiréticos para control de fiebre', '2024-10-01', NULL, 340),
(67, 'Uso de inhalador para control de asma', '2022-03-01', NULL, 341),
(68, 'Uso recurrente de antibióticos para infecciones otitis', '2023-01-20', '2024-03-01', 342),
(69, 'Aplicación diaria de emolientes en piel seca', '2022-07-01', NULL, 343),
(70, 'Consumo de antibióticos para tratar infecciones urinarias', '2023-08-10', NULL, 344),
(71, 'Suplementación vitamínica para el crecimiento', '2021-04-01', NULL, 345),
(72, 'Uso de alarmas para control de enuresis', '2023-12-01', NULL, 346),
(73, 'Uso ocasional de corticosteroides para control de laringitis', '2023-06-15', NULL, 347),
(74, 'Uso regular de analgésicos para cefalea', '2020-03-01', NULL, 348),
(75, 'Consumo de ansiolíticos de forma regular', '2022-05-01', NULL, 349),
(76, 'Toma diaria de medicación antiepiléptica', '2021-07-01', NULL, 350),
(77, 'Uso preventivo de medicamentos para migrañas', '2020-12-01', '2024-10-01', 351),
(78, 'Uso regular de antipiréticos para fiebre', '2024-09-15', NULL, 352),
(79, 'Uso diario de inhalador para control de asma', '2023-11-01', NULL, 353),
(80, 'Tratamiento con antibióticos para infecciones recurrentes', '2023-05-10', '2023-06-10', 354),
(81, 'Aplicación diaria de cremas emolientes para dermatitis', '2022-08-01', NULL, 355),
(82, 'Consumo intermitente de antibióticos para infecciones urinarias', '2022-11-15', NULL, 356),
(83, 'Suplementación hormonal para apoyo al crecimiento', '2022-03-25', NULL, 357),
(84, 'Uso de alarmas para el control de enuresis', '2023-10-10', NULL, 358),
(85, 'Uso de corticosteroides para laringitis en niños', '2023-06-20', NULL, 359),
(86, 'Toma diaria de analgésicos para cefalea', '2021-04-01', NULL, 360),
(87, 'Consumo de ansiolíticos de manera continua', '2022-06-10', NULL, 361),
(88, 'Medicación diaria para control de epilepsia', '2021-08-01', NULL, 362),
(89, 'Uso de medicación preventiva para migrañas', '2021-05-05', '2024-05-05', 363),
(90, 'Uso intermitente de antipiréticos para manejo de fiebre', '2024-10-01', NULL, 364),
(91, 'Uso de inhalador diariamente para control de asma', '2022-09-15', NULL, 365),
(92, 'Uso regular de medicamentos para control de ansiedad', '2019-02-20', '2024-02-20', 400),
(93, 'Consumo de analgésicos para dolor pélvico crónico', '2022-03-10', NULL, 401),
(94, 'Uso de anticonceptivos orales para control de fertilidad', '2020-01-15', NULL, 402),
(95, 'Consumo de progesterona para tratamiento de sangrado anómalo', '2022-07-08', NULL, 403),
(96, 'Consumo de ibuprofeno para menorragia', '2021-05-05', NULL, 404),
(97, 'Uso de medicamentos hormonales para control de fertilidad', '2020-12-01', NULL, 405),
(98, 'Uso de analgésicos para dolor menstrual severo', '2021-11-20', NULL, 406),
(99, 'Uso de vitaminas prenatales durante el embarazo', '2024-05-01', NULL, 407),
(100, 'Consumo de estrógenos para control de síntomas menopáusicos', '2023-01-15', NULL, 408),
(101, 'Uso de cremas antimicóticas para infecciones vaginales recurrentes', '2023-09-01', NULL, 409),
(102, 'Consumo de analgésicos para dolor postquirúrgico', '2023-08-15', NULL, 410),
(103, 'Consumo de medicamentos para control de síndrome de ovarios poliquísticos', '2022-06-01', NULL, 411),
(104, 'Consumo de suplementos vitamínicos por deficiencia de hierro', '2022-10-01', NULL, 412),
(105, 'Uso de medicamentos para tratamiento de infertilidad', '2023-03-10', NULL, 413),
(106, 'Consumo de estatinas para control de colesterol elevado', '2021-04-01', NULL, 414),
(107, 'Consumo de medicamentos hormonales para control de síntomas menstruales', '2020-10-01', NULL, 415),
(108, 'Consumo de antidepresivos para trastorno depresivo mayor', '2022-02-15', NULL, 416),
(109, 'Uso de anticoagulantes para prevención de trombosis', '2022-12-10', NULL, 417),
(110, 'Uso de calcio y vitamina D para osteoporosis', '2021-07-01', NULL, 418),
(111, 'Consumo de analgésicos para control de dolor crónico', '2022-08-10', NULL, 419);

-- --------------------------------------------------------

--
-- Estructura de tabla para la tabla `medicamento`
--

DROP TABLE IF EXISTS `medicamento`;
CREATE TABLE `medicamento` (
  `id_medicamento` int(11) NOT NULL,
  `nombre_medicamento` varchar(300) NOT NULL
) ENGINE=InnoDB DEFAULT CHARSET=utf8mb4 COLLATE=utf8mb4_unicode_ci;

--
-- Volcado de datos para la tabla `medicamento`
--

INSERT INTO `medicamento` (`id_medicamento`, `nombre_medicamento`) VALUES
(1, 'Paracetamol 500mg'),
(2, 'Ibuprofeno 400mg'),
(3, 'Amoxicilina 500mg'),
(4, 'Loratadina 10mg'),
(5, 'Metformina 850mg'),
(6, 'Losartan 50mg'),
(7, 'Omeprazol 20mg'),
(8, 'Dexametasona 4mg'),
(9, 'Enalapril 10mg'),
(10, 'Furosemida 40mg'),
(11, 'Clindamicina 300mg'),
(12, 'Bupropión 150mg'),
(13, 'Captopril 25mg'),
(14, 'Fluoxetina 20mg'),
(15, 'Levofloxacino 500mg'),
(16, 'Ranitidina 150mg'),
(17, 'Amlodipino 5mg'),
(18, 'Cetirizina 10mg'),
(19, 'Prednisona 20mg'),
(20, 'Tramadol 50mg');

-- --------------------------------------------------------

--
-- Estructura de tabla para la tabla `medico`
--

DROP TABLE IF EXISTS `medico`;
CREATE TABLE `medico` (
  `matricula_medico` int(11) NOT NULL,
  `nombre` varchar(100) NOT NULL,
  `apellido` varchar(100) NOT NULL,
  `password` varchar(100) NOT NULL
) ENGINE=InnoDB DEFAULT CHARSET=utf8mb4 COLLATE=utf8mb4_unicode_ci;

--
-- Volcado de datos para la tabla `medico`
--

INSERT INTO `medico` (`matricula_medico`, `nombre`, `apellido`, `password`) VALUES
(1001, 'Renato', 'Delgado', '$2b$10$L9BYQG83bbPwkR9jk9.4Du67c31QsR95P4NL9IuOVMCMNpD0.vkyi'),
(1002, 'Montserrat', 'Navarro', '$2b$10$L9BYQG83bbPwkR9jk9.4Du67c31QsR95P4NL9IuOVMCMNpD0.vkyi'),
(1003, 'Leandro', 'Cortés', '$2b$10$L9BYQG83bbPwkR9jk9.4Du67c31QsR95P4NL9IuOVMCMNpD0.vkyi'),
(1004, 'Alicia', 'Vargas', '$2b$10$L9BYQG83bbPwkR9jk9.4Du67c31QsR95P4NL9IuOVMCMNpD0.vkyi'),
(1005, 'Isandro', 'Méndez', '$2b$10$L9BYQG83bbPwkR9jk9.4Du67c31QsR95P4NL9IuOVMCMNpD0.vkyi'),
(1006, 'Carolina', 'Paz', '$2b$10$L9BYQG83bbPwkR9jk9.4Du67c31QsR95P4NL9IuOVMCMNpD0.vkyi'),
(1007, 'Ezequiel', 'Serrano', '$2b$10$L9BYQG83bbPwkR9jk9.4Du67c31QsR95P4NL9IuOVMCMNpD0.vkyi'),
(1008, 'Tatiana', 'Romero', '$2b$10$L9BYQG83bbPwkR9jk9.4Du67c31QsR95P4NL9IuOVMCMNpD0.vkyi'),
(1009, 'Ignacio', 'González', '$2b$10$L9BYQG83bbPwkR9jk9.4Du67c31QsR95P4NL9IuOVMCMNpD0.vkyi'),
(1010, 'Luz', 'Bermúdez', '$2b$10$L9BYQG83bbPwkR9jk9.4Du67c31QsR95P4NL9IuOVMCMNpD0.vkyi');

-- --------------------------------------------------------

--
-- Estructura de tabla para la tabla `medico_especialidad`
--

DROP TABLE IF EXISTS `medico_especialidad`;
CREATE TABLE `medico_especialidad` (
  `matricula_medico` int(11) NOT NULL,
  `id_especialidad` int(11) NOT NULL
) ENGINE=InnoDB DEFAULT CHARSET=utf8mb4 COLLATE=utf8mb4_unicode_ci;

--
-- Volcado de datos para la tabla `medico_especialidad`
--

INSERT INTO `medico_especialidad` (`matricula_medico`, `id_especialidad`) VALUES
(1001, 1),
(1007, 1),
(1002, 2),
(1003, 3),
(1003, 4),
(1004, 5),
(1005, 6),
(1010, 6),
(1005, 7),
(1006, 8),
(1001, 9),
(1006, 9),
(1002, 10),
(1008, 11),
(1008, 12),
(1009, 13),
(1007, 14),
(1009, 15),
(1009, 16),
(1009, 17),
(1009, 18),
(1009, 19),
(1010, 20);

-- --------------------------------------------------------

--
-- Estructura de tabla para la tabla `paciente`
--

DROP TABLE IF EXISTS `paciente`;
CREATE TABLE `paciente` (
  `dni_paciente` int(11) NOT NULL,
  `nombre` varchar(100) NOT NULL,
  `apellido` varchar(100) NOT NULL,
  `fecha_nacimiento` date DEFAULT NULL,
  `direccion` varchar(255) DEFAULT NULL,
  `telefono` varchar(15) DEFAULT NULL
) ENGINE=InnoDB DEFAULT CHARSET=utf8mb4 COLLATE=utf8mb4_unicode_ci;

--
-- Volcado de datos para la tabla `paciente`
--

INSERT INTO `paciente` (`dni_paciente`, `nombre`, `apellido`, `fecha_nacimiento`, `direccion`, `telefono`) VALUES
(21765432, 'Norma', 'Cabrera', '1993-09-14', 'General Paz 501', '2664643127'),
(22098765, 'Sergio', 'Palacios', '1987-02-05', 'Los Molles 924', '2664145018'),
(22987654, 'Raquel', 'García', '1982-07-15', 'Francia 1716', '2664570289'),
(23098765, 'Alejandra', 'Gómez', '1992-03-23', 'Río Negro 432', '2664421785'),
(23176543, 'Daniel', 'Suárez', '1986-04-25', 'Las Heras 1308', '2664596180'),
(23198765, 'Pablo', 'Cordero', '1980-12-11', 'Rivadavia 1317', '2664531284'),
(23234567, 'Carlos', 'Herrera', '1984-05-29', '9 de Julio 1011', '2664792513'),
(23234568, 'Joaquín', 'Martínez', '1990-01-05', '25 de Mayo 604', '2664892735'),
(23987655, 'Lorena', 'Cabrera', '1982-04-27', 'San Luis 1372', '2664475294'),
(23987656, 'Santiago', 'Díaz', '1989-06-30', 'Av. San Martín 1800', '2664782941'),
(24043210, 'Horacio', 'Fernández', '1989-11-09', 'Rivadavia 1512', '2664934817'),
(24098765, 'Miguel', 'Mendoza', '1980-07-22', 'Av. San Martín 1430', '2664812987'),
(24123456, 'Beatriz', 'Lopez', '1973-09-18', 'San Juan 1200', '2664231015'),
(24543210, 'Graciela', 'Figueroa', '1981-01-02', 'Roque Sáenz Peña 1201', '2664982137'),
(24587653, 'Mariana', 'Fernández', '1990-07-20', 'Rivadavia 1424', '2664302718'),
(24876545, 'Ricardo', 'Méndez', '1989-02-17', 'San Martín 1567', '2664963048'),
(24987653, 'Cecilia', 'Rodríguez', '1980-07-30', 'San Juan 1610', '2664209536'),
(25876542, 'Martín', 'Rodríguez', '1982-11-18', 'San Martín 1875', '2664978203'),
(25876543, 'Carlos', 'Cabrera', '1986-04-23', 'José Hernández 945', '2664801543'),
(25987654, 'Luis', 'Vega', '1987-09-12', 'General Paz 1035', '2664698360'),
(26098765, 'Lucía', 'Torres', '1988-01-19', 'Roque Sáenz Peña 1309', '2664937284'),
(26123456, 'Marcelo', 'Palacios', '1985-02-14', 'San Martín 712', '2664210357'),
(26876542, 'Gabriela', 'González', '1989-09-20', 'Las Heras 1026', '2664630159'),
(26876543, 'Martín', 'Cabrera', '1980-02-15', 'San Martín 1200', '2664534860'),
(26987654, 'Jorge', 'Méndez', '1982-11-25', 'Roque Sáenz Peña 1820', '2664231879'),
(27876542, 'Héctor', 'Gómez', '1982-03-28', 'San Juan 1550', '2664890475'),
(27987654, 'Patricia', 'Salazar', '1981-07-29', 'San Martín 1002', '2664931216'),
(28543210, 'Luis', 'Cordero', '1985-04-10', 'San Martín 907', '2664931501'),
(28576543, 'Esteban', 'González', '1992-02-15', 'General Paz 1467', '2664567319'),
(29876543, 'Héctor', 'Alvarez', '1985-05-13', 'Félix 1304', '2664873940'),
(29987654, 'Carlos', 'Méndez', '1984-06-30', 'La Plata 1346', '2664762507'),
(30098765, 'Alicia', 'Torres', '1986-11-07', 'Rivadavia 820', '2664623812'),
(30876543, 'Juan', 'Rodríguez', '1986-11-12', 'Córdoba 932', '2664691740'),
(30987654, 'César', 'Sánchez', '1981-05-18', 'Las Heras 712', '2664637240'),
(31098765, 'Gabriela', 'Cabrera', '1990-06-11', 'José Hernández 819', '2664786109'),
(31123456, 'Silvia', 'González', '1984-03-03', 'Av. San Martín 423', '2664904127'),
(31765432, 'Elena', 'Sánchez', '1989-08-30', 'Rivadavia 1830', '2664919423'),
(31876543, 'Carlos', 'González', '1992-05-09', 'San Juan 781', '2664873478'),
(31987654, 'Gabriela', 'Díaz', '1987-02-04', 'Las Heras 1932', '2664921593'),
(32098765, 'Miguel', 'Cabrera', '1986-05-11', 'San Martín 710', '2664950138'),
(33098765, 'Santiago', 'Vega', '1986-06-13', 'San Martín 1259', '2664709518'),
(33123456, 'Norma', 'González', '1982-08-28', 'Córdoba 2136', '2664906273'),
(33876542, 'Carlos', 'Morales', '1985-11-03', 'José Hernández 924', '2664759832'),
(33987654, 'Miguel', 'Vega', '1989-02-11', 'San Luis 1075', '2664936402'),
(34543210, 'Juan', 'González', '1983-05-11', 'Félix 2090', '2664931702'),
(34576543, 'Norma', 'Díaz', '1986-08-20', 'Córdoba 435', '2664926359'),
(34654321, 'Pedro', 'Vega', '1982-06-17', 'San Luis 1497', '2664732864'),
(35432198, 'Ana', 'Rodríguez', '1985-09-15', 'Pedernera 982', '2664762093'),
(35476543, 'Ricardo', 'Suárez', '1987-01-23', 'San Luis 2179', '2664710437'),
(35987654, 'Lucía', 'Morales', '1985-07-11', 'Córdoba 1652', '2664907635'),
(36098765, 'Silvia', 'Vega', '1990-08-23', 'La Pampa 833', '2664945063'),
(36876543, 'Silvia', 'Cordero', '1987-10-23', 'San Luis 1102', '2664957391'),
(36987654, 'Carlos', 'Méndez', '1990-07-09', 'Rivadavia 1592', '2664907025'),
(37098765, 'Marcelo', 'Alvarez', '1983-09-30', 'San Martín 1718', '2664925062'),
(37123456, 'Héctor', 'González', '1981-02-18', 'General Paz 1431', '2664733095'),
(37176543, 'Norma', 'Torres', '1982-11-04', 'San Juan 1411', '2664773528'),
(37576543, 'Luisa', 'González', '1989-12-05', 'Pedernera 867', '2664959083'),
(37654321, 'Maximiliano', 'Díaz', '2001-11-29', 'Las Heras 710', '2664748491'),
(37765432, 'Fernando', 'Bermúdez', '1995-06-16', 'Av. del Libertador 874', '2664928047'),
(37876543, 'Ricardo', 'Gutiérrez', '1980-04-11', 'San Luis 1849', '2664712994'),
(37987654, 'Margarita', 'Koch', '1992-09-04', 'San Juan 1189', '2664930852'),
(38098765, 'Sebastián', 'Silva', '1990-08-30', 'San Luis 332', '2664906813'),
(38576543, 'Carlos', 'Martínez', '1982-10-30', 'Pedernera 944', '2664937951'),
(38654321, 'Luciana', 'Rodríguez', '1999-12-13', 'San Luis 276', '2664700279'),
(38765432, 'Miguel', 'Bustos', '1992-06-08', 'San Martín 514', '2664925809'),
(38876543, 'Ramiro', 'Schneider', '2000-03-22', 'La Pampa 705', '2664710324'),
(38987654, 'Carolina', 'Vázquez', '1997-11-27', 'San Juan 1457', '2664747984'),
(39098765, 'Ernesto', 'Pérez', '1984-05-10', 'San Luis 982', '2664753745'),
(39123456, 'Martín', 'Fabbri', '1993-04-03', 'Las Heras 1987', '2664749487'),
(39176543, 'Belén', 'Bianchi', '1989-07-06', 'San Martín 615', '2664765912'),
(39234567, 'Rocío', 'Rivas', '2001-01-17', 'Rivadavia 789', '2664717082'),
(39276543, 'Fabián', 'López', '2002-11-13', 'Pedernera 1483', '2664728461'),
(39387653, 'Santiago', 'Alvarado', '1987-08-27', 'San Luis 1567', '2664742746'),
(41276543, 'Fernando', 'González', '1993-11-15', 'La Plata 2347', '2664731442'),
(41765432, 'Raúl', 'Rodríguez', '2002-03-17', 'Córdoba 741', '2664745749');

-- --------------------------------------------------------

--
-- Estructura de tabla para la tabla `receta`
--

DROP TABLE IF EXISTS `receta`;
CREATE TABLE `receta` (
  `id_receta` int(11) NOT NULL,
  `id_medicamento` int(11) NOT NULL,
  `numero_turno` int(11) NOT NULL
) ENGINE=InnoDB DEFAULT CHARSET=utf8mb4 COLLATE=utf8mb4_unicode_ci;

--
-- Volcado de datos para la tabla `receta`
--

INSERT INTO `receta` (`id_receta`, `id_medicamento`, `numero_turno`) VALUES
(1, 10, 1),
(2, 9, 2),
(3, 3, 3),
(4, 7, 4),
(5, 5, 5),
(6, 2, 6),
(7, 1, 7),
(8, 13, 8),
(9, 6, 9),
(10, 15, 10),
(11, 14, 11),
(12, 3, 12),
(13, 5, 13),
(14, 8, 14),
(15, 10, 15),
(16, 12, 16),
(17, 11, 17),
(18, 2, 18),
(19, 6, 19),
(20, 13, 20),
(21, 9, 21),
(22, 4, 22),
(23, 8, 23),
(24, 16, 24),
(25, 19, 25),
(26, 17, 26),
(27, 14, 27),
(28, 18, 28),
(29, 7, 29),
(30, 3, 30),
(31, 15, 31),
(32, 6, 32),
(33, 5, 33),
(34, 10, 34),
(35, 9, 35),
(36, 4, 140),
(37, 8, 141),
(38, 7, 142),
(39, 6, 143),
(40, 2, 144),
(41, 18, 145),
(42, 1, 146),
(43, 9, 147),
(44, 3, 148),
(45, 4, 149),
(46, 6, 150),
(47, 7, 151),
(48, 14, 152),
(49, 18, 153),
(50, 3, 154),
(51, 19, 155),
(52, 6, 156),
(53, 4, 157),
(54, 20, 158),
(55, 1, 159),
(56, 5, 160),
(57, 16, 161),
(58, 14, 162),
(59, 17, 163),
(60, 7, 164),
(61, 8, 165),
(62, 4, 166),
(63, 2, 167),
(64, 10, 168),
(65, 5, 169),
(66, 9, 170),
(67, 16, 171),
(68, 11, 172),
(69, 4, 173),
(70, 3, 174),
(71, 19, 175),
(72, 6, 176),
(73, 9, 177),
(74, 20, 178),
(75, 7, 179),
(76, 8, 180),
(77, 14, 140),
(78, 2, 141),
(79, 1, 142),
(80, 5, 143),
(81, 17, 144),
(82, 3, 145),
(83, 7, 146),
(84, 18, 147),
(85, 6, 148),
(86, 5, 149),
(87, 8, 150),
(88, 9, 151),
(89, 14, 152),
(90, 19, 153),
(91, 2, 154),
(92, 17, 155),
(93, 11, 156),
(94, 2, 336),
(95, 12, 337),
(96, 6, 338),
(97, 2, 339),
(98, 1, 340),
(99, 4, 341),
(100, 3, 342),
(101, 7, 343),
(102, 3, 344),
(103, 14, 345),
(104, 19, 346),
(105, 8, 347),
(106, 2, 348),
(107, 12, 349),
(108, 6, 350),
(109, 2, 351),
(110, 1, 352),
(111, 4, 353),
(112, 3, 354),
(113, 7, 355),
(114, 3, 356),
(115, 14, 357),
(116, 19, 358),
(117, 8, 359),
(118, 2, 360),
(119, 12, 361),
(120, 6, 362),
(121, 2, 363),
(122, 1, 364),
(123, 4, 365),
(124, 3, 366),
(125, 7, 367),
(126, 3, 368),
(127, 14, 369),
(128, 19, 370),
(129, 8, 371),
(130, 2, 372),
(131, 12, 373),
(132, 6, 374),
(133, 2, 375),
(134, 1, 376),
(135, 4, 377),
(136, 3, 378),
(137, 7, 379),
(138, 3, 380),
(139, 14, 381),
(140, 19, 382),
(141, 8, 383),
(142, 2, 384),
(143, 12, 385),
(144, 1, 400),
(145, 2, 401),
(146, 4, 402),
(147, 3, 403),
(148, 5, 404),
(149, 7, 405),
(150, 8, 406),
(151, 6, 407),
(152, 10, 408),
(153, 20, 409),
(154, 12, 410),
(155, 14, 411),
(156, 17, 412),
(157, 3, 413),
(158, 9, 414),
(159, 2, 415),
(160, 5, 416),
(161, 18, 417),
(162, 6, 418),
(163, 4, 419),
(164, 19, 420),
(165, 16, 421),
(166, 7, 422),
(167, 13, 423),
(168, 3, 424),
(169, 20, 425),
(170, 5, 426),
(171, 12, 427),
(172, 14, 428),
(173, 8, 429),
(174, 6, 430),
(175, 3, 431),
(176, 1, 432),
(177, 2, 433),
(178, 5, 434),
(179, 9, 435),
(180, 7, 436),
(181, 18, 437),
(182, 20, 438),
(183, 17, 439),
(184, 19, 440),
(185, 4, 441),
(186, 10, 442),
(187, 13, 443),
(188, 3, 444),
(189, 14, 445),
(190, 5, 446),
(191, 12, 447),
(192, 7, 448),
(193, 8, 449),
(194, 1, 450),
(195, 9, 451),
(196, 3, 452),
(197, 16, 453),
(198, 17, 454),
(199, 19, 455),
(200, 2, 456),
(201, 14, 457),
(202, 6, 458),
(203, 5, 459),
(204, 4, 460),
(205, 18, 461),
(206, 9, 462),
(207, 1, 463),
(208, 3, 464),
(209, 20, 465),
(210, 7, 466),
(211, 10, 467),
(212, 6, 468),
(213, 14, 469),
(214, 5, 470),
(215, 8, 471),
(216, 12, 472),
(217, 9, 473),
(218, 7, 474),
(219, 18, 475),
(220, 3, 476),
(221, 6, 477),
(222, 17, 478),
(223, 20, 479),
(224, 19, 480),
(225, 5, 481);

-- --------------------------------------------------------

--
-- Estructura de tabla para la tabla `templates`
--

DROP TABLE IF EXISTS `templates`;
CREATE TABLE `templates` (
  `id_template` int(11) NOT NULL,
  `nombre_template` varchar(100) NOT NULL,
  `contenido_template` text DEFAULT NULL
) ENGINE=InnoDB DEFAULT CHARSET=utf8mb4 COLLATE=utf8mb4_unicode_ci;

--
-- Volcado de datos para la tabla `templates`
--

INSERT INTO `templates` (`id_template`, `nombre_template`, `contenido_template`) VALUES
(1, 'Alta Médica', 'Se da de alta al paciente __DNI: __, quien ha recibido tratamiento por __[diagnóstico]__ en nuestra institución. El paciente ha respondido favorablemente al tratamiento y se ha encontrado clínicamente estable al momento de la revisión. \n\nEl tratamiento ha consistido en __[detalles del tratamiento, medicamentos y procedimientos realizados]__. Durante su estadía, se le brindaron cuidados médicos adecuados y se monitoreó su evolución constantemente.\n\nA continuación, se detallan las recomendaciones y cuidados a seguir después del alta:\n1. Continuar con el tratamiento indicado, que incluye __[medicación o procedimientos]__, por el período recomendado.\n2. Evitar __[actividades específicas, como ejercicio excesivo, manipulación de ciertos alimentos, etc.]__ durante el proceso de recuperación.\n3. Mantener una dieta balanceada y adecuada a las condiciones del paciente. Se recomienda __[dietas específicas, alimentos a evitar, etc.]__.\n4. Programar una cita de seguimiento con el médico tratante para evaluar el progreso en __[tiempo específico, como 1 semana, 2 semanas, etc.]__.\n5. Si experimenta síntomas inusuales, como __[síntomas específicos a monitorear]__, se debe acudir inmediatamente a la consulta médica.\n\nEs importante que el paciente se mantenga bajo vigilancia médica si presenta cualquier signo de recaída o complicación. Si tiene alguna pregunta o necesita aclaraciones sobre el tratamiento, no dude en comunicarse con el centro médico.\n\nFecha de Alta: __[fecha]__.\n\nAtentamente,\nDr. __[nombre del médico]__\n[Especialidad]\n[Nombre del Hospital o Clínica]'),
(2, 'Evolución General', 'Paciente __DNI: __ ha presentado una evolución favorable durante su internación. En el día de hoy, se observa una mejora significativa en su condición clínica. El paciente refiere una reducción del dolor en la zona afectada y muestra signos de mayor movilidad. No se han reportado efectos secundarios de los tratamientos administrados. Se recomienda continuar con el plan de tratamiento actual y realizar una nueva evaluación dentro de __[tiempo].'),
(3, 'Informe de Consulta Inicial', 'El paciente __DNI: __ se presenta a consulta por __[motivo de consulta]__. Se realizó una anamnesis detallada, con un enfoque particular en los antecedentes médicos y familiares del paciente. En el examen físico, se encontraron signos de __[hallazgos clínicos]__. Se prescribieron los siguientes estudios: __[estudios indicados]__ y se programó una cita de seguimiento para __[fecha de seguimiento].'),
(4, 'Evolución Postquirúrgica', 'El paciente __DNI: __ se encuentra en el postoperatorio de __[procedimiento quirúrgico]__. Se observa una evolución favorable, sin complicaciones inmediatas. Se continúa con el manejo del dolor, y se han iniciado las indicaciones de movilización temprana. Se espera que el paciente reciba el alta en __[número de días]__ si continúa evolucionando favorablemente. Se le ha indicado seguir con __[medicación postquirúrgica]__ y mantener las citas de control en __[fecha de control].'),
(5, 'Evaluación de Enfermedad Crónica', 'El paciente __DNI: __ ha sido evaluado por __[enfermedad crónica]__. Durante la consulta, se han revisado los antecedentes médicos y se han ajustado los tratamientos. El paciente refiere una leve mejoría, aunque persisten algunos síntomas. Se recomienda continuar con __[tratamiento actual]__, realizar análisis de laboratorio en __[fecha]__ y seguir con las recomendaciones de dieta y ejercicio. Próxima cita en __[fecha].'),
(6, 'Diagnóstico de Emergencia', 'El paciente __DNI: __ ha sido ingresado por __[motivo de emergencia]__. Tras una evaluación inicial, se diagnosticó __[diagnóstico principal]__, y se procedió a __[procedimiento o tratamiento inicial]__. Se iniciaron los cuidados de soporte y se mantiene en observación. Se recomienda __[medicación y seguimiento]__, y se realizará una nueva evaluación en __[tiempo].'),
(7, 'Alta por Fractura', 'El paciente __DNI: __ ha sido dado de alta tras haber sido tratado por una fractura en __[zona afectada]__. Se le proporcionaron las recomendaciones necesarias para la inmovilización y la rehabilitación. Debe seguir con __[medicación analgésica]__ y realizar ejercicios de __[tipo de ejercicio]__. Se le cita para una revisión en __[fecha].'),
(8, 'Seguimiento Post-Hospitalización', 'El paciente __DNI: __ se presenta para seguimiento luego de su alta hospitalaria por __[motivo de ingreso]__. El paciente se encuentra __[estado general]__ y ha seguido las recomendaciones de tratamiento. Se evaluaron los resultados de los estudios realizados, los cuales son __[resultados de los estudios]__. Se indica continuar con el plan de tratamiento y se cita para revisión en __[fecha de seguimiento].'),
(9, 'Evaluación de Niño Sano', 'El paciente __DNI: __ es un niño de __[edad]__ que se presenta para evaluación general. El niño está en buen estado de salud, con un desarrollo adecuado para su edad. Se completaron las vacunas correspondientes a su grupo etario. Se recomienda continuar con los controles pediátricos periódicos y fomentar hábitos saludables, como una dieta balanceada y actividad física regular. Se cita para próximo control en __[fecha].'),
(10, 'Control Prenatal', 'La paciente __DNI: __ se presenta a consulta para control prenatal. En la evaluación, se observa que el embarazo está progresando sin complicaciones. Se realizaron los análisis de laboratorio correspondientes y se programó la ecografía para __[fecha de la ecografía]. Se recomienda seguir con las pautas alimenticias adecuadas y evitar actividades que puedan poner en riesgo el embarazo. Próxima cita en __[fecha].'),
(11, 'Consulta Geriátrica', 'El paciente __DNI: __ se presenta a consulta geriátrica para evaluación de su estado de salud. El paciente tiene antecedentes de __[enfermedades crónicas]__. En la evaluación física, se evidencian __[hallazgos de la evaluación]__. Se recomienda continuar con el tratamiento actual para __[enfermedad crónica]__ y seguir con los controles regulares. Se sugiere mantener una dieta adecuada y realizar ejercicio físico moderado. Cita para seguimiento en __[fecha].');

-- --------------------------------------------------------

--
-- Estructura de tabla para la tabla `turno`
--

DROP TABLE IF EXISTS `turno`;
CREATE TABLE `turno` (
  `numero_turno` int(11) NOT NULL,
  `fecha` datetime NOT NULL,
  `hora` time NOT NULL,
  `motivo_consulta` varchar(255) NOT NULL,
  `estado` enum('Pendiente','Atendido','Cancelado') DEFAULT 'Pendiente',
  `dni_paciente` int(11) DEFAULT NULL,
  `matricula_medico` int(11) DEFAULT NULL,
  `id_especialidad` int(11) DEFAULT NULL
) ENGINE=InnoDB DEFAULT CHARSET=utf8mb4 COLLATE=utf8mb4_unicode_ci;

--
-- Volcado de datos para la tabla `turno`
--

INSERT INTO `turno` (`numero_turno`, `fecha`, `hora`, `motivo_consulta`, `estado`, `dni_paciente`, `matricula_medico`, `id_especialidad`) VALUES
(1, '2024-11-01 00:00:00', '09:00:00', 'Dolor generalizado y cansancio extremo', 'Atendido', 21765432, 1001, 1),
(2, '2024-11-01 00:00:00', '09:15:00', 'Consulta por fiebre y tos persistente', 'Atendido', 22098765, 1001, 1),
(3, '2024-11-01 00:00:00', '09:30:00', 'Dolor en el pecho y dificultad para respirar', 'Atendido', 22987654, 1001, 9),
(4, '2024-11-01 00:00:00', '09:45:00', 'Palpitaciones y mareos ocasionales', 'Atendido', 23098765, 1001, 9),
(5, '2024-11-01 00:00:00', '10:00:00', 'Consulta de control por presión alta', 'Atendido', 23176543, 1001, 1),
(6, '2024-11-01 00:00:00', '10:15:00', 'Dolor abdominal y náuseas', 'Atendido', 23198765, 1001, 1),
(7, '2024-11-01 00:00:00', '10:30:00', 'Ruidos extraños en el corazón y fatiga', 'Atendido', 23234567, 1001, 9),
(8, '2024-11-01 00:00:00', '10:45:00', 'Malestar general y dolores musculares', 'Atendido', 23234568, 1001, 1),
(9, '2024-11-01 00:00:00', '11:00:00', 'Disnea y dolor torácico intermitente', 'Atendido', 23987655, 1001, 9),
(10, '2024-11-01 00:00:00', '11:15:00', 'Revisión de resultados de análisis de sangre', 'Atendido', 23987656, 1001, 1),
(11, '2024-11-01 00:00:00', '11:30:00', 'Evaluación post-infarto y seguimiento cardíaco', 'Atendido', 24043210, 1001, 9),
(12, '2024-11-01 00:00:00', '09:00:00', 'Dolor generalizado y cansancio extremo', 'Atendido', 21765432, 1001, 1),
(13, '2024-11-01 00:00:00', '09:15:00', 'Dolor en el pecho y dificultad para respirar', 'Atendido', 22987654, 1001, 9),
(14, '2024-11-01 00:00:00', '09:30:00', 'Consulta por fiebre y tos persistente', 'Atendido', 22098765, 1001, 1),
(15, '2024-11-01 00:00:00', '09:45:00', 'Palpitaciones y mareos ocasionales', 'Atendido', 23098765, 1001, 9),
(16, '2024-11-01 00:00:00', '10:00:00', 'Dolores articulares en piernas y espalda', 'Atendido', 23176543, 1001, 1),
(17, '2024-11-02 00:00:00', '09:00:00', 'Dolor abdominal y malestar general', 'Atendido', 23234567, 1001, 1),
(18, '2024-11-02 00:00:00', '09:15:00', 'Dificultad para respirar después de esfuerzos', 'Atendido', 23234568, 1001, 9),
(19, '2024-11-02 00:00:00', '09:30:00', 'Dolor de cabeza y cansancio', 'Atendido', 23987655, 1001, 1),
(20, '2024-11-02 00:00:00', '09:45:00', 'Dolor en el pecho y dificultad para respirar', 'Atendido', 23987656, 1001, 9),
(21, '2024-11-02 00:00:00', '10:00:00', 'Chequeo médico de rutina', 'Atendido', 24043210, 1001, 1),
(22, '2024-11-03 00:00:00', '09:00:00', 'Dolor en la espalda y dificultad para moverse', 'Atendido', 24098765, 1001, 1),
(23, '2024-11-03 00:00:00', '09:15:00', 'Tensión en el pecho y mareos', 'Atendido', 24123456, 1001, 9),
(24, '2024-11-03 00:00:00', '09:30:00', 'Gripe y malestar general', 'Atendido', 24543210, 1001, 1),
(25, '2024-11-03 00:00:00', '09:45:00', 'Problemas con la presión arterial', 'Atendido', 24587653, 1001, 9),
(26, '2024-11-03 00:00:00', '10:00:00', 'Insomnio y cansancio crónico', 'Atendido', 24876545, 1001, 1),
(27, '2024-11-04 00:00:00', '09:00:00', 'Chequeo médico general', 'Atendido', 24987653, 1001, 1),
(28, '2024-11-04 00:00:00', '09:15:00', 'Dolor en el pecho y falta de aire', 'Atendido', 25876542, 1001, 9),
(29, '2024-11-04 00:00:00', '09:30:00', 'Malestar estomacal y náuseas', 'Atendido', 25876543, 1001, 1),
(30, '2024-11-04 00:00:00', '09:45:00', 'Mariposas en el pecho y dificultad para respirar', 'Atendido', 25987654, 1001, 9),
(31, '2024-11-04 00:00:00', '10:00:00', 'Consulta por dolores articulares y cansancio', 'Atendido', 26098765, 1001, 1),
(32, '2024-11-05 00:00:00', '09:00:00', 'Dolores musculares y fatiga', 'Atendido', 26123456, 1001, 1),
(33, '2024-11-05 00:00:00', '09:15:00', 'Dificultad para respirar después de caminar', 'Atendido', 26876542, 1001, 9),
(34, '2024-11-05 00:00:00', '09:30:00', 'Consulta por cansancio y dolores en el pecho', 'Atendido', 26876543, 1001, 1),
(35, '2024-11-05 00:00:00', '09:45:00', 'Palpitaciones y dificultad para respirar', 'Atendido', 26987654, 1001, 9),
(36, '2024-11-05 00:00:00', '10:00:00', 'Chequeo general y presión alta', 'Atendido', 27876542, 1001, 1),
(37, '2024-11-06 00:00:00', '09:00:00', 'Malestar estomacal y dolor de cabeza', 'Atendido', 27987654, 1001, 1),
(38, '2024-11-06 00:00:00', '09:15:00', 'Presión alta y dolor en el pecho', 'Atendido', 28543210, 1001, 9),
(39, '2024-11-06 00:00:00', '09:30:00', 'Insomnio y falta de energía', 'Atendido', 28576543, 1001, 1),
(40, '2024-11-06 00:00:00', '09:45:00', 'Dificultad para respirar al hacer ejercicio', 'Atendido', 29876543, 1001, 9),
(41, '2024-11-06 00:00:00', '10:00:00', 'Dolores musculares y malestar general', 'Atendido', 29987654, 1001, 1),
(42, '2024-11-07 00:00:00', '09:00:00', 'Dolor de cabeza y problemas de visión', 'Atendido', 30098765, 1001, 1),
(43, '2024-11-07 00:00:00', '09:15:00', 'Problemas de circulación y presión alta', 'Atendido', 30876543, 1001, 9),
(44, '2024-11-07 00:00:00', '09:30:00', 'Consulta por resfriado y fiebre', 'Atendido', 30987654, 1001, 1),
(45, '2024-11-07 00:00:00', '09:45:00', 'Dolor en el pecho y cansancio', 'Atendido', 31098765, 1001, 9),
(46, '2024-11-07 00:00:00', '10:00:00', 'Dolores musculares y agotamiento general', 'Atendido', 31123456, 1001, 1),
(47, '2024-11-08 00:00:00', '09:00:00', 'Chequeo de salud general', 'Atendido', 31765432, 1001, 1),
(48, '2024-11-08 00:00:00', '09:15:00', 'Dolor en el pecho y dificultad respiratoria', 'Atendido', 31876543, 1001, 9),
(49, '2024-11-08 00:00:00', '09:30:00', 'Cansancio general y dolores articulares', 'Atendido', 31987654, 1001, 1),
(50, '2024-11-08 00:00:00', '09:45:00', 'Palpitaciones y mareos', 'Atendido', 32098765, 1001, 9),
(51, '2024-11-08 00:00:00', '10:00:00', 'Malestar general y náuseas', 'Atendido', 33098765, 1001, 1),
(52, '2024-11-09 00:00:00', '09:00:00', 'Fuerte dolor en el pecho', 'Atendido', 21765432, 1001, 1),
(53, '2024-11-09 00:00:00', '09:15:00', 'Dificultad respiratoria y tos crónica', 'Atendido', 22098765, 1001, 1),
(54, '2024-11-09 00:00:00', '09:30:00', 'Dolor abdominal recurrente', 'Pendiente', 22987654, 1001, 9),
(55, '2024-11-09 00:00:00', '09:45:00', 'Mareos y cefalea persistente', 'Pendiente', 23098765, 1001, 9),
(56, '2024-11-09 00:00:00', '10:00:00', 'Consulta de seguimiento de hipertensión', 'Pendiente', 23176543, 1001, 1),
(57, '2024-11-09 00:00:00', '10:15:00', 'Dolor en las articulaciones', 'Pendiente', 23198765, 1001, 9),
(58, '2024-11-09 00:00:00', '10:30:00', 'Síntomas de gripe y fiebre alta', 'Pendiente', 23234567, 1001, 1),
(59, '2024-11-09 00:00:00', '10:45:00', 'Revisión médica de rutina', 'Pendiente', 23234568, 1001, 9),
(60, '2024-11-09 00:00:00', '17:00:00', 'Dolor en la parte baja de la espalda', 'Pendiente', 23987655, 1001, 1),
(61, '2024-11-09 00:00:00', '17:15:00', 'Consultas para control de diabetes', 'Pendiente', 23987656, 1001, 9),
(62, '2024-11-09 00:00:00', '17:30:00', 'Sospecha de infección urinaria', 'Pendiente', 24043210, 1001, 1),
(63, '2024-11-09 00:00:00', '17:45:00', 'Dolor de cabeza recurrente', 'Pendiente', 24098765, 1001, 9),
(64, '2024-11-09 00:00:00', '18:00:00', 'Consulta de seguimiento post-operatorio', 'Pendiente', 24123456, 1001, 1),
(65, '2024-11-09 00:00:00', '18:15:00', 'Dolor en el pecho asociado con ansiedad', 'Pendiente', 24543210, 1001, 9),
(66, '2024-11-10 00:00:00', '09:00:00', 'Falta de aire y fatiga', 'Pendiente', 24587653, 1001, 1),
(67, '2024-11-10 00:00:00', '09:15:00', 'Dolor agudo en el abdomen', 'Pendiente', 24876545, 1001, 9),
(68, '2024-11-10 00:00:00', '09:30:00', 'Dificultad para tragar alimentos', 'Pendiente', 24987653, 1001, 1),
(69, '2024-11-10 00:00:00', '09:45:00', 'Músculos tensos y contracturas', 'Pendiente', 25876542, 1001, 9),
(70, '2024-11-10 00:00:00', '10:00:00', 'Fiebre, tos y dolor muscular', 'Pendiente', 25876543, 1001, 1),
(71, '2024-11-10 00:00:00', '10:15:00', 'Consultas para control de colesterol', 'Pendiente', 25987654, 1001, 9),
(72, '2024-11-10 00:00:00', '10:30:00', 'Náuseas y malestar estomacal', 'Pendiente', 26098765, 1001, 1),
(73, '2024-11-10 00:00:00', '10:45:00', 'Revisión de resultados de laboratorio', 'Pendiente', 26123456, 1001, 9),
(74, '2024-11-10 00:00:00', '17:00:00', 'Síntomas de alergia respiratoria', 'Pendiente', 26876542, 1001, 1),
(75, '2024-11-10 00:00:00', '17:15:00', 'Dolor en el pecho por estrés', 'Pendiente', 26876543, 1001, 9),
(76, '2024-11-10 00:00:00', '17:30:00', 'Dolores articulares por artritis', 'Pendiente', 26987654, 1001, 1),
(77, '2024-11-10 00:00:00', '17:45:00', 'Consulta para control de colesterol elevado', 'Pendiente', 27876542, 1001, 9),
(78, '2024-11-10 00:00:00', '18:00:00', 'Revisión anual de salud', 'Pendiente', 27987654, 1001, 1),
(79, '2024-11-10 00:00:00', '18:15:00', 'Control post-operatorio', 'Pendiente', 28543210, 1001, 9),
(80, '2024-11-11 00:00:00', '09:00:00', 'Dolores musculares y cansancio general', 'Pendiente', 28576543, 1001, 1),
(81, '2024-11-11 00:00:00', '09:15:00', 'Dolor en la zona lumbar', 'Pendiente', 29876543, 1001, 9),
(82, '2024-11-11 00:00:00', '09:30:00', 'Malestar estomacal y vómitos', 'Pendiente', 29987654, 1001, 1),
(83, '2024-11-11 00:00:00', '09:45:00', 'Fiebre persistente y dolor en el pecho', 'Pendiente', 30098765, 1001, 9),
(84, '2024-11-11 00:00:00', '10:00:00', 'Tensión y dolores de cabeza', 'Pendiente', 30876543, 1001, 1),
(85, '2024-11-11 00:00:00', '10:15:00', 'Revisión de diabetes tipo 2', 'Pendiente', 30987654, 1001, 9),
(86, '2024-11-11 00:00:00', '10:30:00', 'Consulta por dislipidemia', 'Pendiente', 31098765, 1001, 1),
(87, '2024-11-11 00:00:00', '10:45:00', 'Consulta para control de hipertensión', 'Pendiente', 31123456, 1001, 9),
(88, '2024-11-11 00:00:00', '17:00:00', 'Dolor abdominal intenso', 'Pendiente', 31765432, 1001, 1),
(89, '2024-11-11 00:00:00', '17:15:00', 'Síntomas gripales y fiebre', 'Pendiente', 31876543, 1001, 9),
(90, '2024-11-11 00:00:00', '17:30:00', 'Dolor y hormigueo en las extremidades', 'Pendiente', 31987654, 1001, 1),
(91, '2024-11-11 00:00:00', '17:45:00', 'Fatiga y cansancio extremo', 'Pendiente', 32098765, 1001, 9),
(92, '2024-11-11 00:00:00', '18:00:00', 'Síntomas de ansiedad y estrés', 'Pendiente', 33098765, 1001, 1),
(93, '2024-11-11 00:00:00', '18:15:00', 'Control de colesterol y triglicéridos', 'Pendiente', 33123456, 1001, 9),
(94, '2024-11-11 00:00:00', '18:30:00', 'Dolores articulares y rigidez', 'Pendiente', 33876542, 1001, 1),
(95, '2024-11-11 00:00:00', '18:45:00', 'Dificultad para respirar y tos crónica', 'Pendiente', 33987654, 1001, 9),
(96, '2024-11-12 00:00:00', '09:00:00', 'Revisión médica de rutina', 'Pendiente', 34543210, 1001, 1),
(97, '2024-11-12 00:00:00', '09:15:00', 'Consulta de seguimiento post-operatorio', 'Pendiente', 34576543, 1001, 9),
(98, '2024-11-12 00:00:00', '09:30:00', 'Dolor agudo en el pecho', 'Pendiente', 34654321, 1001, 1),
(99, '2024-11-12 00:00:00', '09:45:00', 'Síntomas gripales y malestar general', 'Pendiente', 35432198, 1001, 9),
(100, '2024-11-12 00:00:00', '10:00:00', 'Fatiga y cansancio persistente', 'Pendiente', 35476543, 1001, 1),
(101, '2024-11-12 00:00:00', '10:15:00', 'Revisión de diabetes tipo 1', 'Pendiente', 35987654, 1001, 9),
(102, '2024-11-12 00:00:00', '10:30:00', 'Dolores musculares y contracturas', 'Pendiente', 36098765, 1001, 1),
(103, '2024-11-12 00:00:00', '10:45:00', 'Sospecha de infección respiratoria', 'Pendiente', 36876543, 1001, 9),
(104, '2024-11-12 00:00:00', '17:00:00', 'Dolor intenso en las articulaciones', 'Pendiente', 36987654, 1001, 1),
(105, '2024-11-12 00:00:00', '17:15:00', 'Síntomas de depresión y ansiedad', 'Pendiente', 37098765, 1001, 9),
(106, '2024-11-12 00:00:00', '17:30:00', 'Falta de aire y cansancio extremo', 'Pendiente', 37123456, 1001, 1),
(107, '2024-11-12 00:00:00', '17:45:00', 'Consultas de control post-quirúrgico', 'Pendiente', 37176543, 1001, 9),
(108, '2024-11-12 00:00:00', '18:00:00', 'Consulta para dolor crónico en las articulaciones', 'Pendiente', 37576543, 1001, 1),
(109, '2024-11-12 00:00:00', '18:15:00', 'Consulta para control de colesterol alto', 'Pendiente', 37654321, 1001, 9),
(110, '2024-11-12 00:00:00', '18:30:00', 'Malestar estomacal y dolor abdominal', 'Pendiente', 37765432, 1001, 1),
(111, '2024-11-12 00:00:00', '18:45:00', 'Consulta para manejo de estrés y ansiedad', 'Pendiente', 37876543, 1001, 9),
(112, '2024-11-13 00:00:00', '09:00:00', 'Síntomas respiratorios y tos', 'Pendiente', 37987654, 1001, 1),
(113, '2024-11-13 00:00:00', '09:15:00', 'Revisión de diabetes tipo 2', 'Pendiente', 38098765, 1001, 9),
(114, '2024-11-13 00:00:00', '09:30:00', 'Dolores musculares y de espalda', 'Pendiente', 38576543, 1001, 1),
(115, '2024-11-13 00:00:00', '09:45:00', 'Infección urinaria y malestar general', 'Pendiente', 38654321, 1001, 9),
(116, '2024-11-13 00:00:00', '10:00:00', 'Fiebre, escalofríos y dolor abdominal', 'Pendiente', 38765432, 1001, 1),
(117, '2024-11-13 00:00:00', '10:15:00', 'Consulta para control de colesterol', 'Pendiente', 38876543, 1001, 9),
(118, '2024-11-13 00:00:00', '10:30:00', 'Dolor en las articulaciones y rigidez', 'Pendiente', 38987654, 1001, 1),
(119, '2024-11-13 00:00:00', '10:45:00', 'Control de tensión arterial', 'Pendiente', 39098765, 1001, 9),
(120, '2024-11-13 00:00:00', '17:00:00', 'Malestar general y náuseas', 'Pendiente', 39987654, 1001, 1),
(121, '2024-11-13 00:00:00', '17:15:00', 'Dolores intensos en la parte baja de la espalda', 'Pendiente', 40098765, 1001, 9),
(122, '2024-11-13 00:00:00', '17:30:00', 'Control post-operatorio y dolor en la zona abdominal', 'Pendiente', 41098765, 1001, 1),
(123, '2024-11-13 00:00:00', '17:45:00', 'Síntomas de alergia respiratoria', 'Pendiente', 41123456, 1001, 9),
(124, '2024-11-13 00:00:00', '18:00:00', 'Dolores en las articulaciones', 'Pendiente', 41234567, 1001, 1),
(125, '2024-11-13 00:00:00', '18:15:00', 'Consulta para control de diabetes tipo 2', 'Pendiente', 41345678, 1001, 9),
(126, '2024-11-14 00:00:00', '09:00:00', 'Control post-quirúrgico', 'Pendiente', 41456789, 1001, 1),
(127, '2024-11-14 00:00:00', '09:15:00', 'Consulta para control de hipertensión', 'Pendiente', 41567890, 1001, 9),
(128, '2024-11-14 00:00:00', '09:30:00', 'Malestar estomacal y náuseas', 'Pendiente', 41678901, 1001, 1),
(129, '2024-11-14 00:00:00', '09:45:00', 'Dolores articulares y musculares', 'Pendiente', 41789012, 1001, 9),
(130, '2024-11-14 00:00:00', '10:00:00', 'Falta de aire y tos persistente', 'Pendiente', 41890123, 1001, 1),
(131, '2024-11-14 00:00:00', '10:15:00', 'Síntomas de depresión y ansiedad', 'Pendiente', 41901234, 1001, 9),
(132, '2024-11-14 00:00:00', '10:30:00', 'Revisión de resultados de laboratorio', 'Pendiente', 42012345, 1001, 1),
(133, '2024-11-14 00:00:00', '10:45:00', 'Control para colesterol alto', 'Pendiente', 42123456, 1001, 9),
(134, '2024-11-14 00:00:00', '17:00:00', 'Dolor abdominal y malestar general', 'Pendiente', 43034567, 1001, 1),
(135, '2024-11-14 00:00:00', '17:15:00', 'Consulta para control de hipertensión', 'Pendiente', 43145678, 1001, 9),
(136, '2024-11-14 00:00:00', '17:30:00', 'Mareos y dificultad para respirar', 'Pendiente', 43256789, 1001, 1),
(137, '2024-11-14 00:00:00', '17:45:00', 'Consultas para manejo de estrés', 'Pendiente', 43367890, 1001, 9),
(138, '2024-11-14 00:00:00', '18:00:00', 'Consulta para control de diabetes tipo 1', 'Pendiente', 43478901, 1001, 1),
(139, '2024-11-14 00:00:00', '18:15:00', 'Revisión anual de salud', 'Pendiente', 43589012, 1001, 9),
(140, '2024-11-01 00:00:00', '09:00:00', 'Manchas oscuras en la piel', 'Atendido', 23234567, 1002, 2),
(141, '2024-11-01 00:00:00', '09:30:00', 'Lesión sospechosa en la piel', 'Atendido', 23987655, 1002, 2),
(142, '2024-11-01 00:00:00', '10:00:00', 'Dolor torácico persistente', 'Atendido', 22098765, 1002, 9),
(143, '2024-11-01 00:00:00', '10:45:00', 'Cansancio excesivo y pérdida de peso', 'Atendido', 24876545, 1002, 9),
(144, '2024-11-01 00:00:00', '11:15:00', 'Lunares con cambios de tamaño', 'Atendido', 23098765, 1002, 2),
(145, '2024-11-01 00:00:00', '11:45:00', 'Sangrado nasal frecuente', 'Atendido', 23176543, 1002, 9),
(146, '2024-11-01 00:00:00', '17:00:00', 'Erupciones cutáneas inexplicables', 'Atendido', 23234568, 1002, 2),
(147, '2024-11-01 00:00:00', '17:30:00', 'Fatiga extrema y malestar general', 'Atendido', 25987654, 1002, 9),
(148, '2024-11-01 00:00:00', '18:00:00', 'Picazón persistente en la piel', 'Atendido', 24987653, 1002, 2),
(149, '2024-11-01 00:00:00', '18:30:00', 'Dificultad para respirar', 'Atendido', 25876543, 1002, 9),
(150, '2024-11-01 00:00:00', '19:00:00', 'Pérdida de cabello excesiva', 'Atendido', 23987656, 1002, 2),
(151, '2024-11-02 00:00:00', '09:00:00', 'Eczemas recurrentes en manos', 'Atendido', 22098765, 1002, 2),
(152, '2024-11-02 00:00:00', '09:45:00', 'Tos persistente con sangre', 'Atendido', 24876545, 1002, 9),
(153, '2024-11-02 00:00:00', '10:30:00', 'Crecimiento anormal de un lunar', 'Atendido', 23987656, 1002, 2),
(154, '2024-11-02 00:00:00', '11:00:00', 'Fatiga y dolor muscular generalizado', 'Atendido', 25987654, 1002, 9),
(155, '2024-11-02 00:00:00', '11:30:00', 'Manchas rojas en la piel', 'Atendido', 23234568, 1002, 2),
(156, '2024-11-02 00:00:00', '17:00:00', 'Perdida de apetito y dolor abdominal', 'Atendido', 26876542, 1002, 9),
(157, '2024-11-02 00:00:00', '17:30:00', 'Infección en la piel por picaduras', 'Atendido', 28576543, 1002, 2),
(158, '2024-11-02 00:00:00', '18:00:00', 'Lunares con bordes irregulares', 'Atendido', 27987654, 1002, 2),
(159, '2024-11-02 00:00:00', '18:30:00', 'Dolor en el pecho y dificultad para respirar', 'Atendido', 22098765, 1002, 9),
(160, '2024-11-02 00:00:00', '19:00:00', 'Sarpullido en brazos y cuello', 'Atendido', 23176543, 1002, 2),
(161, '2024-11-03 00:00:00', '09:00:00', 'Hinchazón en los ganglios linfáticos', 'Atendido', 26876543, 1002, 9),
(162, '2024-11-03 00:00:00', '09:30:00', 'Piel reseca y con escamas', 'Atendido', 25987654, 1002, 2),
(163, '2024-11-03 00:00:00', '10:00:00', 'Lunares que sangran', 'Atendido', 24043210, 1002, 2),
(164, '2024-11-03 00:00:00', '10:45:00', 'Dolor en el abdomen con náuseas', 'Atendido', 24876545, 1002, 9),
(165, '2024-11-03 00:00:00', '11:15:00', 'Cansancio y dolor de huesos', 'Atendido', 27987654, 1002, 9),
(166, '2024-11-03 00:00:00', '11:45:00', 'Rash en la cara y cuello', 'Atendido', 23198765, 1002, 2),
(167, '2024-11-03 00:00:00', '17:00:00', 'Manchas oscuras en el rostro', 'Atendido', 23176543, 1002, 2),
(168, '2024-11-03 00:00:00', '17:30:00', 'Mucosidad en la garganta y tos seca', 'Atendido', 22987654, 1002, 9),
(169, '2024-11-03 00:00:00', '18:00:00', 'Malestar general y fiebre', 'Atendido', 25876542, 1002, 9),
(170, '2024-11-03 00:00:00', '18:30:00', 'Lunares en la espalda con cambios', 'Atendido', 24098765, 1002, 2),
(171, '2024-11-04 00:00:00', '09:00:00', 'Dolor abdominal con vómitos', 'Atendido', 23987655, 1002, 9),
(172, '2024-11-04 00:00:00', '09:45:00', 'Dermatitis y comezón en la piel', 'Atendido', 23176543, 1002, 2),
(173, '2024-11-04 00:00:00', '10:30:00', 'Pérdida de peso inexplicable', 'Atendido', 24543210, 1002, 9),
(174, '2024-11-04 00:00:00', '11:00:00', 'Manchas rojas en la cara', 'Atendido', 24987653, 1002, 2),
(175, '2024-11-04 00:00:00', '11:30:00', 'Dificultad para respirar al hacer ejercicio', 'Atendido', 24098765, 1002, 9),
(176, '2024-11-04 00:00:00', '17:00:00', 'Erupción cutánea en el pecho', 'Atendido', 26876542, 1002, 2),
(177, '2024-11-04 00:00:00', '17:30:00', 'Sangrado nasal y fiebre', 'Atendido', 23234567, 1002, 9),
(178, '2024-11-04 00:00:00', '18:00:00', 'Infección en la piel por hongos', 'Atendido', 31765432, 1002, 2),
(179, '2024-11-04 00:00:00', '18:30:00', 'Dolor de cabeza intenso', 'Atendido', 28576543, 1002, 9),
(180, '2024-11-04 00:00:00', '19:00:00', 'Cambios en el color de un lunar', 'Atendido', 24043210, 1002, 2),
(181, '2024-11-05 00:00:00', '09:00:00', 'Cansancio extremo y dificultad para dormir', 'Atendido', 26876542, 1002, 9),
(182, '2024-11-05 00:00:00', '09:30:00', 'Erupción y picazón en la piel', 'Atendido', 25987654, 1002, 2),
(183, '2024-11-05 00:00:00', '10:00:00', 'Dolor en el pecho al respirar profundamente', 'Atendido', 23234567, 1002, 9),
(184, '2024-11-05 00:00:00', '10:45:00', 'Crecimiento de lunares', 'Atendido', 24876545, 1002, 2),
(185, '2024-11-05 00:00:00', '11:15:00', 'Piel irritada por alergia', 'Atendido', 23176543, 1002, 2),
(186, '2024-11-05 00:00:00', '11:45:00', 'Fiebre persistente y dolor muscular', 'Atendido', 23987655, 1002, 9),
(187, '2024-11-05 00:00:00', '17:00:00', 'Manchas en la piel con comezón', 'Atendido', 25876542, 1002, 2),
(188, '2024-11-05 00:00:00', '17:30:00', 'Dolor de estómago y malestar general', 'Atendido', 22098765, 1002, 9),
(189, '2024-11-05 00:00:00', '18:00:00', 'Sangrado en las encías', 'Atendido', 24098765, 1002, 9),
(190, '2024-11-05 00:00:00', '18:30:00', 'Aparición de manchas en el rostro', 'Atendido', 24987653, 1002, 2),
(191, '2024-11-06 00:00:00', '09:00:00', 'Fatiga y pérdida de peso', 'Atendido', 26876543, 1002, 9),
(192, '2024-11-06 00:00:00', '09:45:00', 'Infección cutánea por rasguños', 'Atendido', 23176543, 1002, 2),
(193, '2024-11-06 00:00:00', '10:15:00', 'Lunares con crecimiento irregular', 'Atendido', 24043210, 1002, 2),
(194, '2024-11-06 00:00:00', '11:00:00', 'Tos con flemas y malestar en el pecho', 'Atendido', 24987653, 1002, 9),
(195, '2024-11-06 00:00:00', '11:30:00', 'Erupciones en la piel por alergia', 'Atendido', 25987654, 1002, 2),
(196, '2024-11-06 00:00:00', '17:00:00', 'Sudoración excesiva y fatiga', 'Atendido', 24098765, 1002, 9),
(197, '2024-11-06 00:00:00', '17:30:00', 'Infección en la piel por picaduras', 'Atendido', 25876543, 1002, 2),
(198, '2024-11-06 00:00:00', '18:00:00', 'Manchas en la piel con dolor', 'Atendido', 23987656, 1002, 2),
(199, '2024-11-06 00:00:00', '18:30:00', 'Dificultad para respirar al hacer esfuerzo', 'Atendido', 26876542, 1002, 9),
(200, '2024-11-06 00:00:00', '19:00:00', 'Cambios en el color de un lunar', 'Atendido', 25987654, 1002, 2),
(201, '2024-11-07 00:00:00', '09:00:00', 'Lunares que se raspan y duelen', 'Atendido', 24987653, 1002, 2),
(202, '2024-11-07 00:00:00', '09:30:00', 'Dolor de garganta y fiebre', 'Atendido', 25987654, 1002, 9),
(203, '2024-11-07 00:00:00', '10:00:00', 'Lunares con cambios de forma', 'Atendido', 24098765, 1002, 2),
(204, '2024-11-07 00:00:00', '10:45:00', 'Fatiga y malestar general', 'Atendido', 26876543, 1002, 9),
(205, '2024-11-07 00:00:00', '11:15:00', 'Alergias estacionales en la piel', 'Atendido', 23234568, 1002, 2),
(206, '2024-11-07 00:00:00', '11:45:00', 'Manchas rojas en la espalda', 'Atendido', 23987654, 1002, 2),
(207, '2024-11-07 00:00:00', '17:00:00', 'Dificultad para respirar al hacer ejercicio', 'Atendido', 26876542, 1002, 9),
(208, '2024-11-07 00:00:00', '17:30:00', 'Piel con picazón y ampollas', 'Atendido', 23198765, 1002, 2),
(209, '2024-11-07 00:00:00', '18:00:00', 'Malestar general y fiebre', 'Atendido', 22098765, 1002, 9),
(210, '2024-11-07 00:00:00', '18:30:00', 'Infección en la piel por picaduras de insectos', 'Atendido', 23176543, 1002, 2),
(211, '2024-11-08 00:00:00', '09:00:00', 'Lunares sospechosos en el abdomen', 'Atendido', 23234567, 1002, 2),
(212, '2024-11-08 00:00:00', '09:45:00', 'Fatiga y dificultad para respirar', 'Atendido', 24987653, 1002, 9),
(213, '2024-11-08 00:00:00', '10:15:00', 'Manchas en la piel y picazón', 'Atendido', 26876543, 1002, 2),
(214, '2024-11-08 00:00:00', '11:00:00', 'Pérdida de peso inexplicable y dolor', 'Atendido', 24043210, 1002, 9),
(215, '2024-11-08 00:00:00', '11:30:00', 'Lunares con bordes irregulares', 'Atendido', 25987654, 1002, 2),
(216, '2024-11-08 00:00:00', '12:00:00', 'Piel roja e inflamada', 'Atendido', 24098765, 1002, 2),
(217, '2024-11-08 00:00:00', '17:00:00', 'Sudoración excesiva y dificultad para respirar', 'Atendido', 26876542, 1002, 9),
(218, '2024-11-08 00:00:00', '17:30:00', 'Manchas en el rostro con dolor', 'Atendido', 25987654, 1002, 2),
(219, '2024-11-08 00:00:00', '18:00:00', 'Pérdida de apetito y cansancio', 'Atendido', 24098765, 1002, 9),
(220, '2024-11-08 00:00:00', '18:30:00', 'Reacción alérgica en la piel', 'Atendido', 23176543, 1002, 2),
(221, '2024-11-09 00:00:00', '09:00:00', 'Control de dermatitis y seguimiento', 'Pendiente', 23176543, 1002, 2),
(222, '2024-11-09 00:00:00', '09:45:00', 'Chequeo de lunares y manchas en la piel', 'Pendiente', 23234567, 1002, 2),
(223, '2024-11-09 00:00:00', '10:15:00', 'Control post-operatorio de lunar removido', 'Pendiente', 24876545, 1002, 2),
(224, '2024-11-09 00:00:00', '10:45:00', 'Evaluación de manchas oscuras en la piel', 'Pendiente', 25987654, 1002, 2),
(225, '2024-11-09 00:00:00', '11:15:00', 'Revisión de cicatrices en la piel', 'Pendiente', 26876542, 1002, 2),
(226, '2024-11-09 00:00:00', '11:45:00', 'Revisión de lunares y manchas en el rostro', 'Pendiente', 24098765, 1002, 2),
(227, '2024-11-09 00:00:00', '17:00:00', 'Control de piel después de tratamiento', 'Pendiente', 23176543, 1002, 2),
(228, '2024-11-09 00:00:00', '17:30:00', 'Control de manchas rojas en el torso', 'Pendiente', 25876542, 1002, 2),
(229, '2024-11-09 00:00:00', '18:00:00', 'Evaluación de lunares con bordes irregulares', 'Pendiente', 24987653, 1002, 2),
(230, '2024-11-09 00:00:00', '18:30:00', 'Chequeo de piel tras diagnóstico de cáncer', 'Pendiente', 26876543, 1002, 9),
(231, '2024-11-09 00:00:00', '19:00:00', 'Control de síntomas respiratorios post-quimioterapia', 'Pendiente', 23198765, 1002, 9),
(232, '2024-11-09 00:00:00', '19:30:00', 'Evaluación de estado de salud tras tratamiento de cáncer', 'Pendiente', 25987654, 1002, 9),
(233, '2024-11-09 00:00:00', '20:00:00', 'Revisión de salud después de radioterapia', 'Pendiente', 24543210, 1002, 9),
(234, '2024-11-09 00:00:00', '20:30:00', 'Seguimiento de tos persistente y dificultad para respirar', 'Pendiente', 26876542, 1002, 9),
(235, '2024-11-09 00:00:00', '21:00:00', 'Chequeo para posibles metástasis pulmonares', 'Pendiente', 25876543, 1002, 9),
(251, '2024-11-10 00:00:00', '09:00:00', 'Control post-operatorio de lunar removido', 'Pendiente', 23176543, 1002, 2),
(252, '2024-11-10 00:00:00', '09:30:00', 'Chequeo de piel tras tratamiento dermatológico', 'Pendiente', 23987654, 1002, 2),
(253, '2024-11-10 00:00:00', '10:00:00', 'Evaluación de síntomas en piel', 'Pendiente', 24876545, 1002, 2),
(254, '2024-11-10 00:00:00', '10:45:00', 'Control de manchas oscuras en la cara', 'Pendiente', 22098765, 1002, 2),
(255, '2024-11-10 00:00:00', '11:15:00', 'Revisión de lunares con cambios', 'Pendiente', 25987654, 1002, 2),
(256, '2024-11-10 00:00:00', '11:45:00', 'Evaluación de erupciones en la piel', 'Pendiente', 26876542, 1002, 2),
(257, '2024-11-10 00:00:00', '17:00:00', 'Chequeo post-tratamiento de cáncer', 'Pendiente', 27987654, 1002, 9),
(258, '2024-11-10 00:00:00', '17:30:00', 'Seguimiento de dificultad para respirar', 'Pendiente', 25987654, 1002, 9),
(259, '2024-11-10 00:00:00', '18:00:00', 'Control de linfoma y síntomas respiratorios', 'Pendiente', 23987656, 1002, 9),
(260, '2024-11-10 00:00:00', '18:30:00', 'Revisión de piel y micosis cutánea', 'Pendiente', 24043210, 1002, 2),
(271, '2024-11-11 00:00:00', '09:00:00', 'Control de piel y cicatrices post-quirúrgicas', 'Pendiente', 24987653, 1002, 2),
(272, '2024-11-11 00:00:00', '09:30:00', 'Evaluación de manchas solares', 'Pendiente', 23234568, 1002, 2),
(273, '2024-11-11 00:00:00', '10:00:00', 'Revisión de síntomas cutáneos post-operatorios', 'Pendiente', 25987654, 1002, 2),
(274, '2024-11-11 00:00:00', '10:45:00', 'Control de lunares y manchas en piel', 'Pendiente', 24098765, 1002, 2),
(275, '2024-11-11 00:00:00', '11:15:00', 'Seguimiento de salud tras quimioterapia', 'Pendiente', 25876542, 1002, 9),
(276, '2024-11-11 00:00:00', '11:45:00', 'Control de piel post-tratamiento de cáncer', 'Pendiente', 26876543, 1002, 9),
(277, '2024-11-11 00:00:00', '17:00:00', 'Chequeo de linfoma y seguimiento', 'Pendiente', 25987654, 1002, 9),
(278, '2024-11-11 00:00:00', '17:30:00', 'Evaluación de tos persistente', 'Pendiente', 24876545, 1002, 9),
(279, '2024-11-11 00:00:00', '18:00:00', 'Control de síntomas tras tratamiento de radioterapia', 'Pendiente', 26876542, 1002, 9),
(280, '2024-11-11 00:00:00', '18:30:00', 'Revisión de lunares con cambios de color', 'Pendiente', 23176543, 1002, 2),
(291, '2024-11-12 00:00:00', '09:00:00', 'Revisión de manchas oscuras en el rostro', 'Pendiente', 26876542, 1002, 2),
(292, '2024-11-12 00:00:00', '09:45:00', 'Evaluación de lunares con crecimiento irregular', 'Pendiente', 25987654, 1002, 2),
(293, '2024-11-12 00:00:00', '10:15:00', 'Control de salud tras cirugía de melanoma', 'Pendiente', 26876543, 1002, 9),
(294, '2024-11-12 00:00:00', '11:00:00', 'Control de piel tras tratamiento para cáncer', 'Pendiente', 23234567, 1002, 9),
(295, '2024-11-12 00:00:00', '11:30:00', 'Revisión de cicatrices en la piel', 'Pendiente', 24987653, 1002, 2),
(296, '2024-11-12 00:00:00', '12:00:00', 'Chequeo de lunares y manchas solares', 'Pendiente', 22098765, 1002, 2),
(297, '2024-11-12 00:00:00', '17:00:00', 'Seguimiento de tratamiento oncológico', 'Pendiente', 26876542, 1002, 9),
(298, '2024-11-12 00:00:00', '17:30:00', 'Control de linfoma', 'Pendiente', 24098765, 1002, 9),
(299, '2024-11-12 00:00:00', '18:00:00', 'Revisión de piel tras quimioterapia', 'Pendiente', 25876542, 1002, 9),
(300, '2024-11-12 00:00:00', '18:30:00', 'Evaluación de manchas solares', 'Pendiente', 24043210, 1002, 2),
(311, '2024-11-13 00:00:00', '09:00:00', 'Control de dermatitis', 'Pendiente', 25987654, 1002, 2),
(312, '2024-11-13 00:00:00', '09:45:00', 'Revisión de cicatrices', 'Pendiente', 24876545, 1002, 2),
(313, '2024-11-13 00:00:00', '10:30:00', 'Evaluación de manchas en la piel', 'Pendiente', 25987654, 1002, 2),
(314, '2024-11-13 00:00:00', '11:15:00', 'Revisión de linfoma', 'Pendiente', 26876543, 1002, 9),
(315, '2024-11-13 00:00:00', '11:45:00', 'Chequeo post-quimioterapia', 'Pendiente', 26876542, 1002, 9),
(331, '2024-11-14 00:00:00', '09:00:00', 'Seguimiento de lesiones cutáneas', 'Pendiente', 25987654, 1002, 2),
(332, '2024-11-14 00:00:00', '09:45:00', 'Control de manchas en la piel', 'Pendiente', 24543210, 1002, 2),
(333, '2024-11-14 00:00:00', '10:15:00', 'Evaluación de cambios en lunares', 'Pendiente', 24098765, 1002, 2),
(334, '2024-11-14 00:00:00', '11:00:00', 'Revisión de piel post-quimioterapia', 'Pendiente', 26876542, 1002, 9),
(335, '2024-11-14 00:00:00', '11:45:00', 'Chequeo de salud pulmonar', 'Pendiente', 25987654, 1002, 9),
(336, '2024-11-01 00:00:00', '09:00:00', 'Cefalea crónica, diagnóstico a confirmar', 'Atendido', 21765432, 1003, 3),
(337, '2024-11-01 00:00:00', '09:15:00', 'Trastorno de ansiedad generalizada, ajustar medicación', 'Atendido', 22098765, 1003, 3),
(338, '2024-11-01 00:00:00', '09:30:00', 'Epilepsia, aumento de medicación antiepiléptica', 'Atendido', 22987654, 1003, 3),
(339, '2024-11-01 00:00:00', '09:45:00', 'Migraña con aura, tratamiento preventivo', 'Atendido', 23098765, 1003, 3),
(340, '2024-11-01 00:00:00', '17:00:00', 'Síndrome febril en niño, diagnóstico a confirmar', 'Atendido', 23176543, 1003, 4),
(341, '2024-11-01 00:00:00', '17:15:00', 'Asma bronquial infantil, control y medicación', 'Atendido', 23198765, 1003, 4),
(342, '2024-11-01 00:00:00', '17:30:00', 'Otitis media recurrente, iniciar antibióticos', 'Atendido', 23234567, 1003, 4),
(343, '2024-11-01 00:00:00', '17:45:00', 'Dermatitis atópica infantil, tratamiento con emolientes', 'Atendido', 23234568, 1003, 4),
(344, '2024-11-02 00:00:00', '09:00:00', 'Infección urinaria en niños, tratamiento con antibióticos', 'Atendido', 23987655, 1003, 3),
(345, '2024-11-02 00:00:00', '09:15:00', 'Trastornos de crecimiento, evaluación endocrinológica', 'Atendido', 24043210, 1003, 3),
(346, '2024-11-02 00:00:00', '09:30:00', 'Enuresis nocturna, seguimiento y recomendaciones', 'Atendido', 24098765, 1003, 3),
(347, '2024-11-02 00:00:00', '09:45:00', 'Laringitis infantil, tratamiento con corticosteroides', 'Atendido', 24123456, 1003, 3),
(348, '2024-11-02 00:00:00', '17:00:00', 'Cefalea crónica, diagnóstico a confirmar', 'Atendido', 24543210, 1003, 4),
(349, '2024-11-02 00:00:00', '17:15:00', 'Trastorno de ansiedad generalizada, ajustar medicación', 'Atendido', 24587653, 1003, 4),
(350, '2024-11-02 00:00:00', '17:30:00', 'Epilepsia, aumento de medicación antiepiléptica', 'Atendido', 24876545, 1003, 4),
(351, '2024-11-02 00:00:00', '17:45:00', 'Migraña con aura, tratamiento preventivo', 'Atendido', 24987653, 1003, 4),
(352, '2024-11-03 00:00:00', '09:00:00', 'Síndrome febril en niño, diagnóstico a confirmar', 'Atendido', 25876542, 1003, 3),
(353, '2024-11-03 00:00:00', '09:15:00', 'Asma bronquial infantil, control y medicación', 'Atendido', 25876543, 1003, 3),
(354, '2024-11-03 00:00:00', '09:30:00', 'Otitis media recurrente, iniciar antibióticos', 'Atendido', 25987654, 1003, 3),
(355, '2024-11-03 00:00:00', '09:45:00', 'Dermatitis atópica infantil, tratamiento con emolientes', 'Atendido', 26098765, 1003, 3),
(356, '2024-11-03 00:00:00', '17:00:00', 'Infección urinaria en niños, tratamiento con antibióticos', 'Atendido', 26123456, 1003, 4),
(357, '2024-11-03 00:00:00', '17:15:00', 'Trastornos de crecimiento, evaluación endocrinológica', 'Atendido', 26876542, 1003, 4),
(358, '2024-11-03 00:00:00', '17:30:00', 'Enuresis nocturna, seguimiento y recomendaciones', 'Atendido', 26876543, 1003, 4),
(359, '2024-11-03 00:00:00', '17:45:00', 'Laringitis infantil, tratamiento con corticosteroides', 'Atendido', 26987654, 1003, 4),
(360, '2024-11-04 00:00:00', '09:00:00', 'Cefalea crónica, diagnóstico a confirmar', 'Atendido', 27876542, 1003, 3),
(361, '2024-11-04 00:00:00', '09:15:00', 'Trastorno de ansiedad generalizada, ajustar medicación', 'Atendido', 27987654, 1003, 3),
(362, '2024-11-04 00:00:00', '09:30:00', 'Epilepsia, aumento de medicación antiepiléptica', 'Atendido', 28543210, 1003, 3),
(363, '2024-11-04 00:00:00', '09:45:00', 'Migraña con aura, tratamiento preventivo', 'Atendido', 28576543, 1003, 3),
(364, '2024-11-04 00:00:00', '17:00:00', 'Síndrome febril en niño, diagnóstico a confirmar', 'Atendido', 29876543, 1003, 4),
(365, '2024-11-04 00:00:00', '17:15:00', 'Asma bronquial infantil, control y medicación', 'Atendido', 29987654, 1003, 4),
(366, '2024-11-04 00:00:00', '17:30:00', 'Otitis media recurrente, iniciar antibióticos', 'Atendido', 30098765, 1003, 4),
(367, '2024-11-04 00:00:00', '17:45:00', 'Dermatitis atópica infantil, tratamiento con emolientes', 'Atendido', 30876543, 1003, 4),
(368, '2024-11-05 00:00:00', '09:00:00', 'Infección urinaria en niños, tratamiento con antibióticos', 'Atendido', 30987654, 1003, 3),
(369, '2024-11-05 00:00:00', '09:15:00', 'Trastornos de crecimiento, evaluación endocrinológica', 'Atendido', 31098765, 1003, 3),
(370, '2024-11-05 00:00:00', '09:30:00', 'Enuresis nocturna, seguimiento y recomendaciones', 'Atendido', 31123456, 1003, 3),
(371, '2024-11-05 00:00:00', '09:45:00', 'Laringitis infantil, tratamiento con corticosteroides', 'Atendido', 31765432, 1003, 3),
(372, '2024-11-05 00:00:00', '17:00:00', 'Cefalea crónica, diagnóstico a confirmar', 'Atendido', 31876543, 1003, 4),
(373, '2024-11-05 00:00:00', '17:15:00', 'Trastorno de ansiedad generalizada, ajustar medicación', 'Atendido', 31987654, 1003, 4),
(374, '2024-11-05 00:00:00', '17:30:00', 'Epilepsia, aumento de medicación antiepiléptica', 'Atendido', 32098765, 1003, 4),
(375, '2024-11-05 00:00:00', '17:45:00', 'Migraña con aura, tratamiento preventivo', 'Atendido', 33098765, 1003, 4),
(376, '2024-11-06 00:00:00', '09:00:00', 'Síndrome febril en niño, diagnóstico a confirmar', 'Atendido', 33123456, 1003, 3),
(377, '2024-11-06 00:00:00', '09:15:00', 'Asma bronquial infantil, control y medicación', 'Atendido', 33876542, 1003, 3),
(378, '2024-11-06 00:00:00', '09:30:00', 'Otitis media recurrente, iniciar antibióticos', 'Atendido', 33987654, 1003, 3),
(379, '2024-11-06 00:00:00', '09:45:00', 'Dermatitis atópica infantil, tratamiento con emolientes', 'Atendido', 34543210, 1003, 3),
(380, '2024-11-06 00:00:00', '17:00:00', 'Infección urinaria en niños, tratamiento con antibióticos', 'Atendido', 34576543, 1003, 4),
(381, '2024-11-06 00:00:00', '17:15:00', 'Trastornos de crecimiento, evaluación endocrinológica', 'Atendido', 34654321, 1003, 4),
(382, '2024-11-06 00:00:00', '17:30:00', 'Enuresis nocturna, seguimiento y recomendaciones', 'Atendido', 35432198, 1003, 4),
(383, '2024-11-06 00:00:00', '17:45:00', 'Laringitis infantil, tratamiento con corticosteroides', 'Atendido', 35476543, 1003, 4),
(384, '2024-11-07 00:00:00', '09:00:00', 'Cefalea crónica, diagnóstico a confirmar', 'Atendido', 35987654, 1003, 3),
(385, '2024-11-07 00:00:00', '09:15:00', 'Trastorno de ansiedad generalizada, ajustar medicación', 'Atendido', 36098765, 1003, 3),
(386, '2024-11-07 00:00:00', '09:30:00', 'Epilepsia, aumento de medicación antiepiléptica', 'Atendido', 36876543, 1003, 3),
(387, '2024-11-07 00:00:00', '09:45:00', 'Migraña con aura, tratamiento preventivo', 'Atendido', 36987654, 1003, 3),
(388, '2024-11-07 00:00:00', '17:00:00', 'Síndrome febril en niño, diagnóstico a confirmar', 'Atendido', 37098765, 1003, 4),
(389, '2024-11-07 00:00:00', '17:15:00', 'Asma bronquial infantil, control y medicación', 'Atendido', 37123456, 1003, 4),
(390, '2024-11-07 00:00:00', '17:30:00', 'Otitis media recurrente, iniciar antibióticos', 'Atendido', 37176543, 1003, 4),
(391, '2024-11-07 00:00:00', '17:45:00', 'Dermatitis atópica infantil, tratamiento con emolientes', 'Atendido', 37576543, 1003, 4),
(392, '2024-11-08 00:00:00', '09:00:00', 'Infección urinaria en niños, tratamiento con antibióticos', 'Atendido', 37654321, 1003, 3),
(393, '2024-11-08 00:00:00', '09:15:00', 'Trastornos de crecimiento, evaluación endocrinológica', 'Atendido', 37765432, 1003, 3),
(394, '2024-11-08 00:00:00', '09:30:00', 'Enuresis nocturna, seguimiento y recomendaciones', 'Atendido', 37876543, 1003, 3),
(395, '2024-11-08 00:00:00', '09:45:00', 'Laringitis infantil, tratamiento con corticosteroides', 'Atendido', 37987654, 1003, 3),
(396, '2024-11-08 00:00:00', '17:00:00', 'Cefalea crónica, diagnóstico a confirmar', 'Atendido', 38098765, 1003, 4),
(397, '2024-11-08 00:00:00', '17:15:00', 'Trastorno de ansiedad generalizada, ajustar medicación', 'Atendido', 38576543, 1003, 4),
(398, '2024-11-08 00:00:00', '17:30:00', 'Epilepsia, aumento de medicación antiepiléptica', 'Atendido', 38654321, 1003, 4),
(399, '2024-11-08 00:00:00', '17:45:00', 'Migraña con aura, tratamiento preventivo', 'Atendido', 38765432, 1003, 4),
(400, '2024-11-01 00:00:00', '09:00:00', 'Control ginecológico anual', 'Atendido', 21765432, 1004, 5),
(401, '2024-11-01 00:00:00', '09:15:00', 'Dolor pélvico crónico, evaluar tratamiento', 'Atendido', 22987654, 1004, 5),
(402, '2024-11-01 00:00:00', '09:30:00', 'Control de anticoncepción', 'Atendido', 23098765, 1004, 5),
(403, '2024-11-01 00:00:00', '09:45:00', 'Evaluación de sangrado anómalo', 'Atendido', 23987655, 1004, 5),
(404, '2024-11-01 00:00:00', '10:00:00', 'Consulta por menorragia', 'Atendido', 24123456, 1004, 5),
(405, '2024-11-01 00:00:00', '10:15:00', 'Control de fertilidad, tratamiento en curso', 'Atendido', 24543210, 1004, 5),
(406, '2024-11-01 00:00:00', '10:30:00', 'Dolor durante la menstruación, tratamiento', 'Atendido', 24587653, 1004, 5),
(407, '2024-11-01 00:00:00', '10:45:00', 'Consulta de embarazo temprano', 'Atendido', 24987653, 1004, 5),
(408, '2024-11-01 00:00:00', '11:00:00', 'Evaluación de menopausia', 'Atendido', 26098765, 1004, 5),
(409, '2024-11-01 00:00:00', '11:15:00', 'Consulta por infecciones recurrentes vaginales', 'Atendido', 26876542, 1004, 5),
(410, '2024-11-02 00:00:00', '09:00:00', 'Control ginecológico anual', 'Atendido', 22098765, 1004, 5),
(411, '2024-11-02 00:00:00', '09:15:00', 'Dolor pélvico crónico, evaluar tratamiento', 'Atendido', 23176543, 1004, 5),
(412, '2024-11-02 00:00:00', '09:30:00', 'Control de anticoncepción', 'Atendido', 23098765, 1004, 5),
(413, '2024-11-02 00:00:00', '09:45:00', 'Evaluación de sangrado anómalo', 'Atendido', 23987655, 1004, 5),
(414, '2024-11-02 00:00:00', '10:00:00', 'Consulta por menorragia', 'Atendido', 24543210, 1004, 5),
(415, '2024-11-02 00:00:00', '10:15:00', 'Control de fertilidad, tratamiento en curso', 'Atendido', 24987653, 1004, 5),
(416, '2024-11-02 00:00:00', '10:30:00', 'Dolor durante la menstruación, tratamiento', 'Atendido', 24587653, 1004, 5),
(417, '2024-11-02 00:00:00', '10:45:00', 'Consulta de embarazo temprano', 'Atendido', 24987653, 1004, 5),
(418, '2024-11-02 00:00:00', '11:00:00', 'Evaluación de menopausia', 'Atendido', 26098765, 1004, 5),
(419, '2024-11-02 00:00:00', '11:15:00', 'Consulta por infecciones recurrentes vaginales', 'Atendido', 26876542, 1004, 5),
(420, '2024-11-03 00:00:00', '09:00:00', 'Control ginecológico anual', 'Atendido', 23198765, 1004, 5),
(421, '2024-11-03 00:00:00', '09:15:00', 'Dolor pélvico crónico, evaluar tratamiento', 'Atendido', 23987655, 1004, 5),
(422, '2024-11-03 00:00:00', '09:30:00', 'Control de anticoncepción', 'Atendido', 24123456, 1004, 5),
(423, '2024-11-03 00:00:00', '09:45:00', 'Evaluación de sangrado anómalo', 'Atendido', 24543210, 1004, 5),
(424, '2024-11-03 00:00:00', '10:00:00', 'Consulta por menorragia', 'Atendido', 24587653, 1004, 5),
(425, '2024-11-03 00:00:00', '10:15:00', 'Control de fertilidad, tratamiento en curso', 'Atendido', 24987653, 1004, 5),
(426, '2024-11-03 00:00:00', '10:30:00', 'Dolor durante la menstruación, tratamiento', 'Atendido', 24987653, 1004, 5),
(427, '2024-11-03 00:00:00', '10:45:00', 'Consulta de embarazo temprano', 'Atendido', 24987653, 1004, 5),
(428, '2024-11-03 00:00:00', '11:00:00', 'Evaluación de menopausia', 'Atendido', 26098765, 1004, 5),
(429, '2024-11-03 00:00:00', '11:15:00', 'Consulta por infecciones recurrentes vaginales', 'Atendido', 26876542, 1004, 5),
(430, '2024-11-04 00:00:00', '09:00:00', 'Control ginecológico anual', 'Atendido', 23176543, 1004, 5),
(431, '2024-11-04 00:00:00', '09:15:00', 'Dolor pélvico crónico, evaluar tratamiento', 'Atendido', 23098765, 1004, 5),
(432, '2024-11-04 00:00:00', '09:30:00', 'Control de anticoncepción', 'Atendido', 23987655, 1004, 5),
(433, '2024-11-04 00:00:00', '09:45:00', 'Evaluación de sangrado anómalo', 'Atendido', 24543210, 1004, 5),
(434, '2024-11-04 00:00:00', '10:00:00', 'Consulta por menorragia', 'Atendido', 24587653, 1004, 5),
(435, '2024-11-04 00:00:00', '10:15:00', 'Control de fertilidad, tratamiento en curso', 'Atendido', 24987653, 1004, 5),
(436, '2024-11-04 00:00:00', '10:30:00', 'Dolor durante la menstruación, tratamiento', 'Atendido', 24987653, 1004, 5),
(437, '2024-11-04 00:00:00', '10:45:00', 'Consulta de embarazo temprano', 'Atendido', 24987653, 1004, 5),
(438, '2024-11-04 00:00:00', '11:00:00', 'Evaluación de menopausia', 'Atendido', 26098765, 1004, 5),
(439, '2024-11-04 00:00:00', '11:15:00', 'Consulta por infecciones recurrentes vaginales', 'Atendido', 26876542, 1004, 5),
(440, '2024-11-05 00:00:00', '09:00:00', 'Control ginecológico anual', 'Atendido', 23987656, 1004, 5),
(441, '2024-11-05 00:00:00', '09:15:00', 'Dolor pélvico crónico, evaluar tratamiento', 'Atendido', 23123456, 1004, 5),
(442, '2024-11-05 00:00:00', '09:30:00', 'Control de anticoncepción', 'Atendido', 26098765, 1004, 5),
(443, '2024-11-05 00:00:00', '09:45:00', 'Evaluación de sangrado anómalo', 'Atendido', 23987655, 1004, 5),
(444, '2024-11-05 00:00:00', '10:00:00', 'Consulta por menorragia', 'Atendido', 24543210, 1004, 5),
(445, '2024-11-05 00:00:00', '10:15:00', 'Control de fertilidad, tratamiento en curso', 'Atendido', 24987653, 1004, 5),
(446, '2024-11-05 00:00:00', '10:30:00', 'Dolor durante la menstruación, tratamiento', 'Atendido', 24987653, 1004, 5),
(447, '2024-11-05 00:00:00', '10:45:00', 'Consulta de embarazo temprano', 'Atendido', 24987653, 1004, 5),
(448, '2024-11-05 00:00:00', '11:00:00', 'Evaluación de menopausia', 'Atendido', 26098765, 1004, 5),
(449, '2024-11-05 00:00:00', '11:15:00', 'Consulta por infecciones recurrentes vaginales', 'Atendido', 26876542, 1004, 5),
(450, '2024-11-06 00:00:00', '09:00:00', 'Control ginecológico anual', 'Atendido', 22098765, 1004, 5),
(451, '2024-11-06 00:00:00', '09:15:00', 'Dolor pélvico crónico, evaluar tratamiento', 'Atendido', 23176543, 1004, 5),
(452, '2024-11-06 00:00:00', '09:30:00', 'Control de anticoncepción', 'Atendido', 23987655, 1004, 5),
(453, '2024-11-06 00:00:00', '09:45:00', 'Evaluación de sangrado anómalo', 'Atendido', 24123456, 1004, 5),
(454, '2024-11-06 00:00:00', '10:00:00', 'Consulta por menorragia', 'Atendido', 24543210, 1004, 5),
(455, '2024-11-06 00:00:00', '10:15:00', 'Control de fertilidad, tratamiento en curso', 'Atendido', 24987653, 1004, 5),
(456, '2024-11-06 00:00:00', '10:30:00', 'Dolor durante la menstruación, tratamiento', 'Atendido', 24587653, 1004, 5),
(457, '2024-11-06 00:00:00', '10:45:00', 'Consulta de embarazo temprano', 'Atendido', 24987653, 1004, 5),
(458, '2024-11-06 00:00:00', '11:00:00', 'Evaluación de menopausia', 'Atendido', 26098765, 1004, 5),
(459, '2024-11-06 00:00:00', '11:15:00', 'Consulta por infecciones recurrentes vaginales', 'Atendido', 26876542, 1004, 5),
(460, '2024-11-07 00:00:00', '09:00:00', 'Control ginecológico anual', 'Atendido', 23987656, 1004, 5),
(461, '2024-11-07 00:00:00', '09:15:00', 'Dolor pélvico crónico, evaluar tratamiento', 'Atendido', 23123456, 1004, 5),
(462, '2024-11-07 00:00:00', '09:30:00', 'Control de anticoncepción', 'Atendido', 26098765, 1004, 5),
(463, '2024-11-07 00:00:00', '09:45:00', 'Evaluación de sangrado anómalo', 'Atendido', 23987655, 1004, 5),
(464, '2024-11-07 00:00:00', '10:00:00', 'Consulta por menorragia', 'Atendido', 24543210, 1004, 5),
(465, '2024-11-07 00:00:00', '10:15:00', 'Control de fertilidad, tratamiento en curso', 'Atendido', 24987653, 1004, 5),
(466, '2024-11-07 00:00:00', '10:30:00', 'Dolor durante la menstruación, tratamiento', 'Atendido', 24987653, 1004, 5),
(467, '2024-11-07 00:00:00', '10:45:00', 'Consulta de embarazo temprano', 'Atendido', 24987653, 1004, 5),
(468, '2024-11-07 00:00:00', '11:00:00', 'Evaluación de menopausia', 'Atendido', 26098765, 1004, 5),
(469, '2024-11-07 00:00:00', '11:15:00', 'Consulta por infecciones recurrentes vaginales', 'Atendido', 26876542, 1004, 5),
(470, '2024-11-08 00:00:00', '09:00:00', 'Control ginecológico anual', 'Atendido', 23198765, 1004, 5),
(471, '2024-11-08 00:00:00', '09:15:00', 'Dolor pélvico crónico, evaluar tratamiento', 'Atendido', 23987655, 1004, 5),
(472, '2024-11-08 00:00:00', '09:30:00', 'Control de anticoncepción', 'Atendido', 24123456, 1004, 5),
(473, '2024-11-08 00:00:00', '09:45:00', 'Evaluación de sangrado anómalo', 'Atendido', 24543210, 1004, 5),
(474, '2024-11-08 00:00:00', '10:00:00', 'Consulta por menorragia', 'Atendido', 24587653, 1004, 5),
(475, '2024-11-08 00:00:00', '10:15:00', 'Control de fertilidad, tratamiento en curso', 'Atendido', 24987653, 1004, 5),
(476, '2024-11-08 00:00:00', '10:30:00', 'Dolor durante la menstruación, tratamiento', 'Atendido', 24587653, 1004, 5),
(477, '2024-11-08 00:00:00', '10:45:00', 'Consulta de embarazo temprano', 'Atendido', 24987653, 1004, 5),
(478, '2024-11-08 00:00:00', '11:00:00', 'Evaluación de menopausia', 'Atendido', 26098765, 1004, 5),
(479, '2024-11-08 00:00:00', '11:15:00', 'Consulta por infecciones recurrentes vaginales', 'Atendido', 26876542, 1004, 5),
(480, '2024-11-09 00:00:00', '09:00:00', 'Control ginecológico anual', 'Atendido', 23987656, 1004, 5),
(481, '2024-11-09 00:00:00', '09:15:00', 'Dolor pélvico crónico, evaluar tratamiento', 'Atendido', 23123456, 1004, 5),
(482, '2024-11-09 00:00:00', '09:30:00', 'Control de anticoncepción', 'Atendido', 26098765, 1004, 5),
(483, '2024-11-09 00:00:00', '09:45:00', 'Evaluación de sangrado anómalo', 'Atendido', 23987655, 1004, 5),
(484, '2024-11-09 00:00:00', '10:00:00', 'Consulta por menorragia', 'Atendido', 24543210, 1004, 5),
(485, '2024-11-09 00:00:00', '10:15:00', 'Control de fertilidad, tratamiento en curso', 'Atendido', 24987653, 1004, 5),
(486, '2024-11-09 00:00:00', '10:30:00', 'Dolor durante la menstruación, tratamiento', 'Atendido', 24987653, 1004, 5),
(487, '2024-11-09 00:00:00', '10:45:00', 'Consulta de embarazo temprano', 'Atendido', 24987653, 1004, 5),
(488, '2024-11-09 00:00:00', '11:00:00', 'Evaluación de menopausia', 'Atendido', 26098765, 1004, 5),
(489, '2024-11-09 00:00:00', '11:15:00', 'Consulta por infecciones recurrentes vaginales', 'Atendido', 26876542, 1004, 5),
(490, '2024-11-10 00:00:00', '09:00:00', 'Control ginecológico anual', 'Pendiente', 21765432, 1004, 5),
(491, '2024-11-10 00:00:00', '09:30:00', 'Dolor pélvico crónico, evaluar tratamiento', 'Pendiente', 22987654, 1004, 5),
(492, '2024-11-10 00:00:00', '10:00:00', 'Control de anticoncepción', 'Pendiente', 23098765, 1004, 5),
(493, '2024-11-10 00:00:00', '10:45:00', 'Evaluación de sangrado anómalo', 'Pendiente', 23987655, 1004, 5),
(494, '2024-11-10 00:00:00', '11:15:00', 'Consulta por menorragia', 'Pendiente', 24123456, 1004, 5),
(495, '2024-11-10 00:00:00', '12:00:00', 'Control de fertilidad, tratamiento en curso', 'Pendiente', 24543210, 1004, 5),
(496, '2024-11-10 00:00:00', '12:30:00', 'Dolor durante la menstruación, tratamiento', 'Pendiente', 24587653, 1004, 5),
(497, '2024-11-10 00:00:00', '13:15:00', 'Consulta de embarazo temprano', 'Pendiente', 24987653, 1004, 5),
(498, '2024-11-10 00:00:00', '14:00:00', 'Evaluación de menopausia', 'Pendiente', 26098765, 1004, 5),
(499, '2024-11-10 00:00:00', '14:45:00', 'Consulta por infecciones recurrentes vaginales', 'Pendiente', 26876542, 1004, 5),
(500, '2024-11-10 00:00:00', '15:30:00', 'Control ginecológico anual', 'Pendiente', 21765432, 1004, 5),
(501, '2024-11-10 00:00:00', '16:00:00', 'Dolor pélvico crónico, evaluar tratamiento', 'Pendiente', 22987654, 1004, 5),
(502, '2024-11-10 00:00:00', '16:45:00', 'Control de anticoncepción', 'Pendiente', 23098765, 1004, 5),
(503, '2024-11-10 00:00:00', '17:30:00', 'Evaluación de sangrado anómalo', 'Pendiente', 23987655, 1004, 5),
(504, '2024-11-10 00:00:00', '18:00:00', 'Consulta por menorragia', 'Pendiente', 24123456, 1004, 5),
(505, '2024-11-10 00:00:00', '18:45:00', 'Control de fertilidad, tratamiento en curso', 'Pendiente', 24543210, 1004, 5),
(506, '2024-11-10 00:00:00', '19:30:00', 'Dolor durante la menstruación, tratamiento', 'Pendiente', 24587653, 1004, 5),
(507, '2024-11-10 00:00:00', '20:00:00', 'Consulta de embarazo temprano', 'Pendiente', 24987653, 1004, 5),
(508, '2024-11-11 00:00:00', '09:00:00', 'Control ginecológico anual', 'Pendiente', 21765432, 1004, 5),
(509, '2024-11-11 00:00:00', '09:30:00', 'Dolor pélvico crónico, evaluar tratamiento', 'Pendiente', 22987654, 1004, 5),
(510, '2024-11-11 00:00:00', '10:00:00', 'Control de anticoncepción', 'Pendiente', 23098765, 1004, 5),
(511, '2024-11-11 00:00:00', '10:45:00', 'Evaluación de sangrado anómalo', 'Pendiente', 23987655, 1004, 5);
INSERT INTO `turno` (`numero_turno`, `fecha`, `hora`, `motivo_consulta`, `estado`, `dni_paciente`, `matricula_medico`, `id_especialidad`) VALUES
(512, '2024-11-11 00:00:00', '11:15:00', 'Consulta por menorragia', 'Pendiente', 24123456, 1004, 5),
(513, '2024-11-11 00:00:00', '12:00:00', 'Control de fertilidad, tratamiento en curso', 'Pendiente', 24543210, 1004, 5),
(514, '2024-11-11 00:00:00', '12:30:00', 'Dolor durante la menstruación, tratamiento', 'Pendiente', 24587653, 1004, 5),
(515, '2024-11-11 00:00:00', '13:15:00', 'Consulta de embarazo temprano', 'Pendiente', 24987653, 1004, 5),
(516, '2024-11-11 00:00:00', '14:00:00', 'Evaluación de menopausia', 'Pendiente', 26098765, 1004, 5),
(517, '2024-11-11 00:00:00', '14:45:00', 'Consulta por infecciones recurrentes vaginales', 'Pendiente', 26876542, 1004, 5),
(518, '2024-11-11 00:00:00', '15:30:00', 'Control ginecológico anual', 'Pendiente', 21765432, 1004, 5),
(519, '2024-11-11 00:00:00', '16:00:00', 'Dolor pélvico crónico, evaluar tratamiento', 'Pendiente', 22987654, 1004, 5),
(520, '2024-11-11 00:00:00', '16:45:00', 'Control de anticoncepción', 'Pendiente', 23098765, 1004, 5),
(521, '2024-11-11 00:00:00', '17:30:00', 'Evaluación de sangrado anómalo', 'Pendiente', 23987655, 1004, 5),
(522, '2024-11-11 00:00:00', '18:00:00', 'Consulta por menorragia', 'Pendiente', 24123456, 1004, 5),
(523, '2024-11-11 00:00:00', '18:45:00', 'Control de fertilidad, tratamiento en curso', 'Pendiente', 24543210, 1004, 5),
(524, '2024-11-11 00:00:00', '19:30:00', 'Dolor durante la menstruación, tratamiento', 'Pendiente', 24587653, 1004, 5),
(525, '2024-11-12 00:00:00', '09:00:00', 'Control ginecológico anual', 'Pendiente', 21765432, 1004, 5),
(526, '2024-11-12 00:00:00', '09:30:00', 'Dolor pélvico crónico, evaluar tratamiento', 'Pendiente', 22987654, 1004, 5),
(527, '2024-11-12 00:00:00', '10:00:00', 'Control de anticoncepción', 'Pendiente', 23098765, 1004, 5),
(528, '2024-11-12 00:00:00', '10:45:00', 'Evaluación de sangrado anómalo', 'Pendiente', 23987655, 1004, 5),
(529, '2024-11-12 00:00:00', '11:15:00', 'Consulta por menorragia', 'Pendiente', 24123456, 1004, 5),
(530, '2024-11-12 00:00:00', '12:00:00', 'Control de fertilidad, tratamiento en curso', 'Pendiente', 24543210, 1004, 5),
(531, '2024-11-12 00:00:00', '12:30:00', 'Dolor durante la menstruación, tratamiento', 'Pendiente', 24587653, 1004, 5),
(532, '2024-11-12 00:00:00', '13:15:00', 'Consulta de embarazo temprano', 'Pendiente', 24987653, 1004, 5),
(533, '2024-11-12 00:00:00', '14:00:00', 'Evaluación de menopausia', 'Pendiente', 26098765, 1004, 5),
(534, '2024-11-12 00:00:00', '14:45:00', 'Consulta por infecciones recurrentes vaginales', 'Pendiente', 26876542, 1004, 5),
(535, '2024-11-13 00:00:00', '09:00:00', 'Control ginecológico anual', 'Pendiente', 21765432, 1004, 5),
(536, '2024-11-13 00:00:00', '09:30:00', 'Dolor pélvico crónico, evaluar tratamiento', 'Pendiente', 22987654, 1004, 5),
(537, '2024-11-13 00:00:00', '10:00:00', 'Control de anticoncepción', 'Pendiente', 23098765, 1004, 5),
(538, '2024-11-13 00:00:00', '10:45:00', 'Evaluación de sangrado anómalo', 'Pendiente', 23987655, 1004, 5),
(539, '2024-11-13 00:00:00', '11:15:00', 'Consulta por menorragia', 'Pendiente', 24123456, 1004, 5),
(540, '2024-11-13 00:00:00', '12:00:00', 'Control de fertilidad, tratamiento en curso', 'Pendiente', 24543210, 1004, 5),
(541, '2024-11-13 00:00:00', '12:30:00', 'Dolor durante la menstruación, tratamiento', 'Pendiente', 24587653, 1004, 5),
(542, '2024-11-13 00:00:00', '13:15:00', 'Consulta de embarazo temprano', 'Pendiente', 24987653, 1004, 5),
(543, '2024-11-13 00:00:00', '14:00:00', 'Evaluación de menopausia', 'Pendiente', 26098765, 1004, 5),
(544, '2024-11-13 00:00:00', '14:45:00', 'Consulta por infecciones recurrentes vaginales', 'Pendiente', 26876542, 1004, 5),
(545, '2024-11-13 00:00:00', '15:30:00', 'Control ginecológico anual', 'Pendiente', 21765432, 1004, 5),
(546, '2024-11-13 00:00:00', '16:00:00', 'Dolor pélvico crónico, evaluar tratamiento', 'Pendiente', 22987654, 1004, 5),
(547, '2024-11-13 00:00:00', '16:45:00', 'Control de anticoncepción', 'Pendiente', 23098765, 1004, 5),
(548, '2024-11-13 00:00:00', '17:30:00', 'Evaluación de sangrado anómalo', 'Pendiente', 23987655, 1004, 5),
(549, '2024-11-13 00:00:00', '18:00:00', 'Consulta por menorragia', 'Pendiente', 24123456, 1004, 5),
(550, '2024-11-13 00:00:00', '18:45:00', 'Control de fertilidad, tratamiento en curso', 'Pendiente', 24543210, 1004, 5),
(551, '2024-11-13 00:00:00', '19:30:00', 'Dolor durante la menstruación, tratamiento', 'Pendiente', 24587653, 1004, 5),
(552, '2024-11-13 00:00:00', '20:00:00', 'Consulta de embarazo temprano', 'Pendiente', 24987653, 1004, 5),
(553, '2024-11-14 00:00:00', '09:00:00', 'Control ginecológico anual', 'Pendiente', 21765432, 1004, 5),
(554, '2024-11-14 00:00:00', '09:30:00', 'Dolor pélvico crónico, evaluar tratamiento', 'Pendiente', 22987654, 1004, 5),
(555, '2024-11-14 00:00:00', '10:00:00', 'Control de anticoncepción', 'Pendiente', 23098765, 1004, 5),
(556, '2024-11-14 00:00:00', '10:45:00', 'Evaluación de sangrado anómalo', 'Pendiente', 23987655, 1004, 5),
(557, '2024-11-14 00:00:00', '11:15:00', 'Consulta por menorragia', 'Pendiente', 24123456, 1004, 5),
(558, '2024-11-14 00:00:00', '12:00:00', 'Control de fertilidad, tratamiento en curso', 'Pendiente', 24543210, 1004, 5),
(559, '2024-11-14 00:00:00', '12:30:00', 'Dolor durante la menstruación, tratamiento', 'Pendiente', 24587653, 1004, 5),
(560, '2024-11-14 00:00:00', '13:15:00', 'Consulta de embarazo temprano', 'Pendiente', 24987653, 1004, 5),
(561, '2024-11-14 00:00:00', '14:00:00', 'Evaluación de menopausia', 'Pendiente', 26098765, 1004, 5),
(562, '2024-11-14 00:00:00', '14:45:00', 'Consulta por infecciones recurrentes vaginales', 'Pendiente', 26876542, 1004, 5),
(563, '2024-11-14 00:00:00', '15:30:00', 'Control ginecológico anual', 'Pendiente', 21765432, 1004, 5),
(564, '2024-11-14 00:00:00', '16:00:00', 'Dolor pélvico crónico, evaluar tratamiento', 'Pendiente', 22987654, 1004, 5),
(565, '2024-11-14 00:00:00', '16:45:00', 'Control de anticoncepción', 'Pendiente', 23098765, 1004, 5),
(566, '2024-11-14 00:00:00', '17:30:00', 'Evaluación de sangrado anómalo', 'Pendiente', 23987655, 1004, 5),
(567, '2024-11-14 00:00:00', '18:00:00', 'Consulta por menorragia', 'Pendiente', 24123456, 1004, 5),
(568, '2024-11-14 00:00:00', '18:45:00', 'Control de fertilidad, tratamiento en curso', 'Pendiente', 24543210, 1004, 5),
(569, '2024-11-14 00:00:00', '19:30:00', 'Dolor durante la menstruación, tratamiento', 'Pendiente', 24587653, 1004, 5),
(570, '2024-11-14 00:00:00', '20:00:00', 'Consulta de embarazo temprano', 'Pendiente', 24987653, 1004, 5);

--
-- Índices para tablas volcadas
--

--
-- Indices de la tabla `alergia`
--
ALTER TABLE `alergia`
  ADD PRIMARY KEY (`id_alergia`),
  ADD KEY `numero_turno` (`numero_turno`);

--
-- Indices de la tabla `antecedente`
--
ALTER TABLE `antecedente`
  ADD PRIMARY KEY (`id_antecedente`),
  ADD KEY `numero_turno` (`numero_turno`);

--
-- Indices de la tabla `diagnostico`
--
ALTER TABLE `diagnostico`
  ADD PRIMARY KEY (`id_diagnostico`),
  ADD KEY `numero_turno` (`numero_turno`);

--
-- Indices de la tabla `especialidad`
--
ALTER TABLE `especialidad`
  ADD PRIMARY KEY (`id_especialidad`);

--
-- Indices de la tabla `evolucion`
--
ALTER TABLE `evolucion`
  ADD PRIMARY KEY (`id_evolucion`),
  ADD KEY `numero_turno` (`numero_turno`);

--
-- Indices de la tabla `habito`
--
ALTER TABLE `habito`
  ADD PRIMARY KEY (`id_habito`),
  ADD KEY `numero_turno` (`numero_turno`);

--
-- Indices de la tabla `medicamento`
--
ALTER TABLE `medicamento`
  ADD PRIMARY KEY (`id_medicamento`);

--
-- Indices de la tabla `medico`
--
ALTER TABLE `medico`
  ADD PRIMARY KEY (`matricula_medico`);

--
-- Indices de la tabla `medico_especialidad`
--
ALTER TABLE `medico_especialidad`
  ADD PRIMARY KEY (`matricula_medico`,`id_especialidad`),
  ADD KEY `fk_especialidad` (`id_especialidad`);

--
-- Indices de la tabla `paciente`
--
ALTER TABLE `paciente`
  ADD PRIMARY KEY (`dni_paciente`);

--
-- Indices de la tabla `receta`
--
ALTER TABLE `receta`
  ADD PRIMARY KEY (`id_receta`),
  ADD KEY `id_medicamento` (`id_medicamento`),
  ADD KEY `numero_turno` (`numero_turno`);

--
-- Indices de la tabla `templates`
--
ALTER TABLE `templates`
  ADD PRIMARY KEY (`id_template`);

--
-- Indices de la tabla `turno`
--
ALTER TABLE `turno`
  ADD PRIMARY KEY (`numero_turno`),
  ADD KEY `dni_paciente` (`dni_paciente`),
  ADD KEY `id_especialidad` (`id_especialidad`),
  ADD KEY `matricula_medico` (`matricula_medico`);

--
-- AUTO_INCREMENT de las tablas volcadas
--

--
-- AUTO_INCREMENT de la tabla `alergia`
--
ALTER TABLE `alergia`
  MODIFY `id_alergia` int(11) NOT NULL AUTO_INCREMENT, AUTO_INCREMENT=36;

--
-- AUTO_INCREMENT de la tabla `antecedente`
--
ALTER TABLE `antecedente`
  MODIFY `id_antecedente` int(11) NOT NULL AUTO_INCREMENT, AUTO_INCREMENT=156;

--
-- AUTO_INCREMENT de la tabla `diagnostico`
--
ALTER TABLE `diagnostico`
  MODIFY `id_diagnostico` int(11) NOT NULL AUTO_INCREMENT, AUTO_INCREMENT=296;

--
-- AUTO_INCREMENT de la tabla `especialidad`
--
ALTER TABLE `especialidad`
  MODIFY `id_especialidad` int(11) NOT NULL AUTO_INCREMENT, AUTO_INCREMENT=21;

--
-- AUTO_INCREMENT de la tabla `evolucion`
--
ALTER TABLE `evolucion`
  MODIFY `id_evolucion` int(11) NOT NULL AUTO_INCREMENT, AUTO_INCREMENT=292;

--
-- AUTO_INCREMENT de la tabla `habito`
--
ALTER TABLE `habito`
  MODIFY `id_habito` int(11) NOT NULL AUTO_INCREMENT, AUTO_INCREMENT=112;

--
-- AUTO_INCREMENT de la tabla `medicamento`
--
ALTER TABLE `medicamento`
  MODIFY `id_medicamento` int(11) NOT NULL AUTO_INCREMENT, AUTO_INCREMENT=21;

--
-- AUTO_INCREMENT de la tabla `medico`
--
ALTER TABLE `medico`
  MODIFY `matricula_medico` int(11) NOT NULL AUTO_INCREMENT, AUTO_INCREMENT=1011;

--
-- AUTO_INCREMENT de la tabla `receta`
--
ALTER TABLE `receta`
  MODIFY `id_receta` int(11) NOT NULL AUTO_INCREMENT, AUTO_INCREMENT=226;

--
-- AUTO_INCREMENT de la tabla `templates`
--
ALTER TABLE `templates`
  MODIFY `id_template` int(11) NOT NULL AUTO_INCREMENT, AUTO_INCREMENT=12;

--
-- AUTO_INCREMENT de la tabla `turno`
--
ALTER TABLE `turno`
  MODIFY `numero_turno` int(11) NOT NULL AUTO_INCREMENT, AUTO_INCREMENT=571;
COMMIT;

/*!40101 SET CHARACTER_SET_CLIENT=@OLD_CHARACTER_SET_CLIENT */;
/*!40101 SET CHARACTER_SET_RESULTS=@OLD_CHARACTER_SET_RESULTS */;
/*!40101 SET COLLATION_CONNECTION=@OLD_COLLATION_CONNECTION */;
